subj,trial,choice,a_amount,a_prob,b_amount,b_prob
1,0,1.0,7.0,75.0,15.5,30.0
1,1,0.0,6.5,50.0,3.0,95.0
1,2,0.0,15.0,77.0,13.75,85.0
1,3,1.0,4.0,80.0,20.0,20.0
1,4,1.0,13.0,70.0,8.0,84.0
1,5,1.0,15.0,60.0,8.0,65.0
1,6,0.0,12.0,20.0,6.0,60.0
1,7,1.0,16.0,90.0,18.0,80.0
1,8,1.0,4.0,97.0,16.0,33.0
1,9,1.0,15.0,40.0,17.5,34.0
1,10,1.0,5.25,50.0,2.0,90.0
1,11,1.0,2.0,80.0,9.0,20.0
1,12,0.0,11.0,30.0,5.0,65.0
1,13,1.0,8.5,40.0,2.5,95.0
1,14,0.0,10.25,68.0,9.5,80.0
1,15,0.0,20.0,50.0,17.0,60.0
1,16,1.0,8.0,65.0,15.0,60.0
1,17,0.0,18.5,45.0,9.0,90.0
1,18,1.0,20.0,30.0,12.5,48.0
1,19,1.0,10.0,10.0,3.0,65.0
2,0,1.0,4.0,97.0,16.0,33.0
2,1,1.0,13.0,70.0,8.0,84.0
2,2,1.0,20.0,30.0,12.5,48.0
2,3,1.0,10.0,10.0,3.0,65.0
2,4,0.0,12.0,20.0,6.0,60.0
2,5,0.0,16.0,90.0,18.0,80.0
2,6,1.0,15.0,60.0,8.0,65.0
2,7,1.0,15.0,40.0,17.5,34.0
2,8,1.0,5.25,50.0,2.0,90.0
2,9,0.0,8.5,40.0,2.5,95.0
2,10,1.0,4.0,80.0,20.0,20.0
2,11,1.0,18.5,45.0,9.0,90.0
2,12,0.0,6.5,50.0,3.0,95.0
2,13,1.0,20.0,50.0,17.0,60.0
2,14,1.0,11.0,30.0,5.0,65.0
2,15,0.0,8.0,65.0,15.0,60.0
2,16,1.0,7.0,75.0,15.5,30.0
2,17,0.0,10.25,68.0,9.5,80.0
2,18,1.0,2.0,80.0,9.0,20.0
3,0,0.0,12.0,20.0,6.0,60.0
3,1,1.0,7.0,75.0,15.5,30.0
3,2,1.0,13.0,70.0,8.0,84.0
3,3,1.0,4.0,97.0,16.0,33.0
3,4,1.0,2.0,80.0,9.0,20.0
3,5,0.0,5.25,50.0,2.0,90.0
3,6,1.0,16.0,90.0,18.0,80.0
3,7,1.0,4.0,80.0,20.0,20.0
3,8,1.0,20.0,30.0,12.5,48.0
3,9,0.0,6.5,50.0,3.0,95.0
3,10,0.0,20.0,50.0,17.0,60.0
3,11,0.0,10.0,10.0,3.0,65.0
3,12,0.0,8.0,65.0,15.0,60.0
3,13,0.0,18.5,45.0,9.0,90.0
3,14,0.0,8.5,40.0,2.5,95.0
3,15,0.0,15.0,77.0,13.75,85.0
3,16,1.0,15.0,40.0,17.5,34.0
3,17,0.0,15.0,60.0,8.0,65.0
3,18,0.0,11.0,30.0,5.0,65.0
3,19,0.0,10.25,68.0,9.5,80.0
4,0,1.0,13.0,70.0,8.0,84.0
4,1,1.0,20.0,30.0,12.5,48.0
4,2,0.0,8.0,65.0,15.0,60.0
4,3,1.0,15.0,60.0,8.0,65.0
4,4,1.0,15.0,77.0,13.75,85.0
4,5,0.0,16.0,90.0,18.0,80.0
4,6,1.0,5.25,50.0,2.0,90.0
4,7,0.0,15.0,40.0,17.5,34.0
4,8,1.0,6.5,50.0,3.0,95.0
4,9,1.0,18.5,45.0,9.0,90.0
4,10,0.0,10.25,68.0,9.5,80.0
4,11,1.0,7.0,75.0,15.5,30.0
4,12,1.0,11.0,30.0,5.0,65.0
4,13,0.0,12.0,20.0,6.0,60.0
4,14,1.0,2.0,80.0,9.0,20.0
4,15,1.0,8.5,40.0,2.5,95.0
4,16,0.0,4.0,97.0,16.0,33.0
5,0,1.0,15.0,77.0,13.75,85.0
5,1,1.0,8.5,40.0,2.5,95.0
5,2,0.0,10.0,10.0,3.0,65.0
5,3,0.0,10.25,68.0,9.5,80.0
5,4,0.0,20.0,30.0,12.5,48.0
5,5,0.0,4.0,80.0,20.0,20.0
5,6,0.0,12.0,20.0,6.0,60.0
5,7,1.0,15.0,60.0,8.0,65.0
5,8,1.0,13.0,70.0,8.0,84.0
5,9,1.0,5.25,50.0,2.0,90.0
5,10,0.0,8.0,65.0,15.0,60.0
5,11,0.0,18.5,45.0,9.0,90.0
5,12,1.0,7.0,75.0,15.5,30.0
5,13,0.0,20.0,50.0,17.0,60.0
5,14,1.0,6.5,50.0,3.0,95.0
5,15,1.0,15.0,40.0,17.5,34.0
5,16,1.0,2.0,80.0,9.0,20.0
6,0,0.0,8.5,40.0,2.5,95.0
6,1,0.0,15.0,60.0,8.0,65.0
6,2,1.0,15.0,40.0,17.5,34.0
6,3,1.0,4.0,97.0,16.0,33.0
6,4,1.0,16.0,90.0,18.0,80.0
6,5,0.0,10.25,68.0,9.5,80.0
6,6,1.0,7.0,75.0,15.5,30.0
6,7,1.0,8.0,65.0,15.0,60.0
6,8,0.0,20.0,30.0,12.5,48.0
6,9,0.0,5.25,50.0,2.0,90.0
6,10,1.0,2.0,80.0,9.0,20.0
6,11,0.0,6.5,50.0,3.0,95.0
6,12,0.0,18.5,45.0,9.0,90.0
6,13,1.0,20.0,50.0,17.0,60.0
6,14,1.0,4.0,80.0,20.0,20.0
6,15,0.0,15.0,77.0,13.75,85.0
6,16,0.0,11.0,30.0,5.0,65.0
6,17,1.0,12.0,20.0,6.0,60.0
6,18,0.0,10.0,10.0,3.0,65.0
6,19,0.0,13.0,70.0,8.0,84.0
7,0,0.0,20.0,50.0,17.0,60.0
7,1,0.0,15.0,60.0,8.0,65.0
7,2,0.0,15.0,40.0,17.5,34.0
7,3,1.0,13.0,70.0,8.0,84.0
7,4,0.0,15.0,77.0,13.75,85.0
7,5,1.0,6.5,50.0,3.0,95.0
7,6,1.0,16.0,90.0,18.0,80.0
7,7,1.0,4.0,80.0,20.0,20.0
7,8,0.0,2.0,80.0,9.0,20.0
7,9,1.0,8.5,40.0,2.5,95.0
7,10,1.0,8.0,65.0,15.0,60.0
7,11,0.0,20.0,30.0,12.5,48.0
7,12,0.0,10.0,10.0,3.0,65.0
7,13,0.0,5.25,50.0,2.0,90.0
7,14,0.0,11.0,30.0,5.0,65.0
7,15,0.0,10.25,68.0,9.5,80.0
7,16,1.0,12.0,20.0,6.0,60.0
7,17,1.0,7.0,75.0,15.5,30.0
7,18,0.0,18.5,45.0,9.0,90.0
7,19,1.0,4.0,97.0,16.0,33.0
8,0,1.0,5.25,50.0,2.0,90.0
8,1,0.0,15.0,40.0,17.5,34.0
8,2,0.0,12.0,20.0,6.0,60.0
8,3,1.0,13.0,70.0,8.0,84.0
8,4,0.0,10.0,10.0,3.0,65.0
8,5,1.0,18.5,45.0,9.0,90.0
8,6,0.0,10.25,68.0,9.5,80.0
8,7,0.0,6.5,50.0,3.0,95.0
8,8,1.0,11.0,30.0,5.0,65.0
8,9,1.0,7.0,75.0,15.5,30.0
8,10,1.0,16.0,90.0,18.0,80.0
8,11,0.0,4.0,80.0,20.0,20.0
8,12,0.0,2.0,80.0,9.0,20.0
8,13,1.0,4.0,97.0,16.0,33.0
8,14,1.0,15.0,77.0,13.75,85.0
8,15,1.0,20.0,50.0,17.0,60.0
8,16,0.0,8.0,65.0,15.0,60.0
8,17,1.0,8.5,40.0,2.5,95.0
8,18,1.0,15.0,60.0,8.0,65.0
8,19,1.0,20.0,30.0,12.5,48.0
9,0,0.0,11.0,30.0,5.0,65.0
9,1,0.0,18.5,45.0,9.0,90.0
9,2,1.0,16.0,90.0,18.0,80.0
9,3,0.0,13.0,70.0,8.0,84.0
9,4,0.0,10.25,68.0,9.5,80.0
9,5,1.0,15.0,40.0,17.5,34.0
9,6,0.0,15.0,77.0,13.75,85.0
9,7,1.0,7.0,75.0,15.5,30.0
9,8,1.0,4.0,80.0,20.0,20.0
9,9,0.0,20.0,30.0,12.5,48.0
9,10,0.0,6.5,50.0,3.0,95.0
9,11,0.0,8.0,65.0,15.0,60.0
9,12,1.0,15.0,60.0,8.0,65.0
9,13,0.0,5.25,50.0,2.0,90.0
9,14,1.0,2.0,80.0,9.0,20.0
9,15,1.0,20.0,50.0,17.0,60.0
9,16,0.0,12.0,20.0,6.0,60.0
9,17,1.0,10.0,10.0,3.0,65.0
9,18,0.0,8.5,40.0,2.5,95.0
9,19,1.0,4.0,97.0,16.0,33.0
10,0,0.0,12.0,20.0,6.0,60.0
10,1,1.0,4.0,97.0,16.0,33.0
10,2,0.0,11.0,30.0,5.0,65.0
10,3,1.0,2.0,80.0,9.0,20.0
10,4,0.0,20.0,50.0,17.0,60.0
10,5,0.0,5.25,50.0,2.0,90.0
10,6,0.0,18.5,45.0,9.0,90.0
10,7,1.0,15.0,60.0,8.0,65.0
10,8,0.0,10.25,68.0,9.5,80.0
10,9,0.0,8.0,65.0,15.0,60.0
10,10,0.0,8.5,40.0,2.5,95.0
10,11,0.0,15.0,40.0,17.5,34.0
10,12,1.0,16.0,90.0,18.0,80.0
10,13,0.0,15.0,77.0,13.75,85.0
10,14,1.0,7.0,75.0,15.5,30.0
10,15,0.0,13.0,70.0,8.0,84.0
10,16,0.0,6.5,50.0,3.0,95.0
10,17,0.0,10.0,10.0,3.0,65.0
10,18,0.0,20.0,30.0,12.5,48.0
11,0,0.0,10.0,10.0,3.0,65.0
11,1,1.0,18.5,45.0,9.0,90.0
11,2,1.0,15.0,40.0,17.5,34.0
11,3,1.0,20.0,30.0,12.5,48.0
11,4,0.0,11.0,30.0,5.0,65.0
11,5,0.0,4.0,97.0,16.0,33.0
11,6,1.0,13.0,70.0,8.0,84.0
11,7,0.0,6.5,50.0,3.0,95.0
11,8,0.0,5.25,50.0,2.0,90.0
11,9,0.0,16.0,90.0,18.0,80.0
11,10,0.0,8.0,65.0,15.0,60.0
11,11,1.0,4.0,80.0,20.0,20.0
11,12,0.0,2.0,80.0,9.0,20.0
11,13,0.0,10.25,68.0,9.5,80.0
11,14,1.0,20.0,50.0,17.0,60.0
11,15,0.0,15.0,60.0,8.0,65.0
11,16,0.0,15.0,77.0,13.75,85.0
12,0,0.0,10.25,68.0,9.5,80.0
12,1,0.0,15.0,77.0,13.75,85.0
12,2,0.0,2.0,80.0,9.0,20.0
12,3,1.0,7.0,75.0,15.5,30.0
12,4,1.0,20.0,50.0,17.0,60.0
12,5,1.0,4.0,97.0,16.0,33.0
12,6,0.0,18.5,45.0,9.0,90.0
12,7,0.0,11.0,30.0,5.0,65.0
12,8,1.0,13.0,70.0,8.0,84.0
12,9,0.0,12.0,20.0,6.0,60.0
12,10,0.0,20.0,30.0,12.5,48.0
12,11,0.0,5.25,50.0,2.0,90.0
12,12,0.0,8.0,65.0,15.0,60.0
12,13,1.0,15.0,40.0,17.5,34.0
12,14,0.0,8.5,40.0,2.5,95.0
12,15,1.0,15.0,60.0,8.0,65.0
12,16,0.0,10.0,10.0,3.0,65.0
12,17,0.0,4.0,80.0,20.0,20.0
12,18,0.0,6.5,50.0,3.0,95.0
12,19,0.0,16.0,90.0,18.0,80.0
13,0,0.0,8.0,65.0,15.0,60.0
13,1,0.0,11.0,30.0,5.0,65.0
13,2,0.0,15.0,77.0,13.75,85.0
13,3,0.0,6.5,50.0,3.0,95.0
13,4,0.0,10.25,68.0,9.5,80.0
13,5,1.0,7.0,75.0,15.5,30.0
13,6,0.0,5.25,50.0,2.0,90.0
13,7,0.0,8.5,40.0,2.5,95.0
13,8,0.0,20.0,30.0,12.5,48.0
13,9,1.0,4.0,97.0,16.0,33.0
13,10,0.0,15.0,60.0,8.0,65.0
13,11,0.0,16.0,90.0,18.0,80.0
13,12,0.0,18.5,45.0,9.0,90.0
13,13,0.0,15.0,40.0,17.5,34.0
13,14,0.0,12.0,20.0,6.0,60.0
13,15,1.0,13.0,70.0,8.0,84.0
13,16,1.0,2.0,80.0,9.0,20.0
13,17,0.0,10.0,10.0,3.0,65.0
13,18,1.0,4.0,80.0,20.0,20.0
13,19,1.0,20.0,50.0,17.0,60.0
14,0,0.0,10.0,10.0,3.0,65.0
14,1,0.0,10.25,68.0,9.5,80.0
14,2,1.0,20.0,30.0,12.5,48.0
14,3,0.0,12.0,20.0,6.0,60.0
14,4,1.0,15.0,40.0,17.5,34.0
14,5,0.0,18.5,45.0,9.0,90.0
14,6,0.0,8.0,65.0,15.0,60.0
14,7,1.0,16.0,90.0,18.0,80.0
14,8,1.0,6.5,50.0,3.0,95.0
14,9,1.0,15.0,60.0,8.0,65.0
14,10,1.0,15.0,77.0,13.75,85.0
14,11,1.0,11.0,30.0,5.0,65.0
14,12,1.0,4.0,97.0,16.0,33.0
14,13,0.0,20.0,50.0,17.0,60.0
14,14,0.0,5.25,50.0,2.0,90.0
15,0,1.0,15.0,60.0,8.0,65.0
15,1,1.0,7.0,75.0,15.5,30.0
15,2,0.0,20.0,30.0,12.5,48.0
15,3,1.0,2.0,80.0,9.0,20.0
15,4,0.0,11.0,30.0,5.0,65.0
15,5,0.0,12.0,20.0,6.0,60.0
15,6,0.0,8.5,40.0,2.5,95.0
15,7,0.0,15.0,40.0,17.5,34.0
15,8,1.0,20.0,50.0,17.0,60.0
15,9,0.0,15.0,77.0,13.75,85.0
15,10,0.0,5.25,50.0,2.0,90.0
15,11,0.0,6.5,50.0,3.0,95.0
15,12,0.0,18.5,45.0,9.0,90.0
15,13,0.0,8.0,65.0,15.0,60.0
15,14,0.0,13.0,70.0,8.0,84.0
15,15,1.0,16.0,90.0,18.0,80.0
15,16,0.0,10.25,68.0,9.5,80.0
15,17,1.0,4.0,80.0,20.0,20.0
15,18,1.0,4.0,97.0,16.0,33.0
16,0,1.0,5.25,50.0,2.0,90.0
16,1,1.0,15.0,60.0,8.0,65.0
16,2,1.0,6.5,50.0,3.0,95.0
16,3,0.0,8.0,65.0,15.0,60.0
16,4,1.0,10.0,10.0,3.0,65.0
16,5,0.0,2.0,80.0,9.0,20.0
16,6,0.0,4.0,97.0,16.0,33.0
16,7,0.0,15.0,77.0,13.75,85.0
16,8,1.0,16.0,90.0,18.0,80.0
16,9,0.0,10.25,68.0,9.5,80.0
16,10,1.0,12.0,20.0,6.0,60.0
16,11,0.0,4.0,80.0,20.0,20.0
16,12,0.0,7.0,75.0,15.5,30.0
16,13,1.0,11.0,30.0,5.0,65.0
16,14,1.0,8.5,40.0,2.5,95.0
16,15,0.0,13.0,70.0,8.0,84.0
16,16,0.0,20.0,50.0,17.0,60.0
16,17,0.0,20.0,30.0,12.5,48.0
16,18,1.0,18.5,45.0,9.0,90.0
16,19,0.0,15.0,40.0,17.5,34.0
17,0,1.0,18.5,45.0,9.0,90.0
17,1,1.0,15.0,60.0,8.0,65.0
17,2,0.0,10.0,10.0,3.0,65.0
17,3,1.0,11.0,30.0,5.0,65.0
17,4,1.0,15.0,40.0,17.5,34.0
17,5,0.0,7.0,75.0,15.5,30.0
17,6,0.0,2.0,80.0,9.0,20.0
17,7,1.0,13.0,70.0,8.0,84.0
17,8,0.0,4.0,80.0,20.0,20.0
17,9,0.0,4.0,97.0,16.0,33.0
17,10,1.0,16.0,90.0,18.0,80.0
17,11,1.0,20.0,30.0,12.5,48.0
17,12,0.0,8.5,40.0,2.5,95.0
17,13,1.0,5.25,50.0,2.0,90.0
17,14,1.0,6.5,50.0,3.0,95.0
17,15,0.0,10.25,68.0,9.5,80.0
17,16,1.0,20.0,50.0,17.0,60.0
17,17,0.0,8.0,65.0,15.0,60.0
17,18,0.0,15.0,77.0,13.75,85.0
17,19,1.0,12.0,20.0,6.0,60.0
18,0,1.0,2.0,80.0,9.0,20.0
18,1,1.0,15.0,60.0,8.0,65.0
18,2,1.0,13.0,70.0,8.0,84.0
18,3,0.0,8.5,40.0,2.5,95.0
18,4,1.0,4.0,97.0,16.0,33.0
18,5,0.0,12.0,20.0,6.0,60.0
18,6,1.0,5.25,50.0,2.0,90.0
18,7,0.0,6.5,50.0,3.0,95.0
18,8,0.0,10.25,68.0,9.5,80.0
18,9,0.0,8.0,65.0,15.0,60.0
18,10,0.0,16.0,90.0,18.0,80.0
18,11,1.0,7.0,75.0,15.5,30.0
18,12,1.0,4.0,80.0,20.0,20.0
18,13,0.0,15.0,77.0,13.75,85.0
18,14,0.0,10.0,10.0,3.0,65.0
18,15,0.0,15.0,40.0,17.5,34.0
18,16,0.0,20.0,50.0,17.0,60.0
18,17,1.0,20.0,30.0,12.5,48.0
19,0,0.0,10.0,10.0,3.0,65.0
19,1,1.0,15.0,40.0,17.5,34.0
19,2,0.0,8.5,40.0,2.5,95.0
19,3,0.0,10.25,68.0,9.5,80.0
19,4,1.0,12.0,20.0,6.0,60.0
19,5,1.0,15.0,60.0,8.0,65.0
19,6,1.0,4.0,97.0,16.0,33.0
19,7,1.0,16.0,90.0,18.0,80.0
19,8,1.0,15.0,77.0,13.75,85.0
19,9,1.0,20.0,50.0,17.0,60.0
19,10,0.0,18.5,45.0,9.0,90.0
19,11,1.0,6.5,50.0,3.0,95.0
19,12,1.0,2.0,80.0,9.0,20.0
19,13,1.0,7.0,75.0,15.5,30.0
19,14,0.0,8.0,65.0,15.0,60.0
19,15,1.0,4.0,80.0,20.0,20.0
19,16,0.0,20.0,30.0,12.5,48.0
19,17,1.0,5.25,50.0,2.0,90.0
19,18,0.0,11.0,30.0,5.0,65.0
19,19,0.0,13.0,70.0,8.0,84.0
20,0,1.0,20.0,50.0,17.0,60.0
20,1,0.0,16.0,90.0,18.0,80.0
20,2,0.0,5.25,50.0,2.0,90.0
20,3,0.0,15.0,77.0,13.75,85.0
20,4,0.0,8.0,65.0,15.0,60.0
20,5,1.0,4.0,80.0,20.0,20.0
20,6,1.0,15.0,60.0,8.0,65.0
20,7,0.0,10.25,68.0,9.5,80.0
20,8,0.0,13.0,70.0,8.0,84.0
20,9,0.0,11.0,30.0,5.0,65.0
20,10,1.0,4.0,97.0,16.0,33.0
20,11,0.0,12.0,20.0,6.0,60.0
20,12,0.0,8.5,40.0,2.5,95.0
20,13,0.0,6.5,50.0,3.0,95.0
20,14,1.0,2.0,80.0,9.0,20.0
20,15,0.0,10.0,10.0,3.0,65.0
20,16,0.0,18.5,45.0,9.0,90.0
20,17,0.0,20.0,30.0,12.5,48.0
20,18,1.0,15.0,40.0,17.5,34.0
20,19,1.0,7.0,75.0,15.5,30.0
21,0,0.0,20.0,50.0,17.0,60.0
21,1,0.0,8.0,65.0,15.0,60.0
21,2,1.0,4.0,80.0,20.0,20.0
21,3,0.0,12.0,20.0,6.0,60.0
21,4,1.0,16.0,90.0,18.0,80.0
21,5,0.0,5.25,50.0,2.0,90.0
21,6,0.0,6.5,50.0,3.0,95.0
21,7,1.0,20.0,30.0,12.5,48.0
21,8,0.0,15.0,77.0,13.75,85.0
21,9,0.0,2.0,80.0,9.0,20.0
21,10,0.0,15.0,60.0,8.0,65.0
21,11,1.0,7.0,75.0,15.5,30.0
21,12,0.0,11.0,30.0,5.0,65.0
21,13,1.0,4.0,97.0,16.0,33.0
21,14,0.0,10.0,10.0,3.0,65.0
21,15,0.0,18.5,45.0,9.0,90.0
21,16,0.0,10.25,68.0,9.5,80.0
21,17,0.0,13.0,70.0,8.0,84.0
21,18,0.0,8.5,40.0,2.5,95.0
22,0,1.0,20.0,30.0,12.5,48.0
22,1,0.0,10.25,68.0,9.5,80.0
22,2,0.0,2.0,80.0,9.0,20.0
22,3,1.0,15.0,60.0,8.0,65.0
22,4,0.0,8.0,65.0,15.0,60.0
22,5,1.0,11.0,30.0,5.0,65.0
22,6,0.0,8.5,40.0,2.5,95.0
22,7,0.0,12.0,20.0,6.0,60.0
22,8,1.0,4.0,97.0,16.0,33.0
22,9,0.0,4.0,80.0,20.0,20.0
22,10,1.0,20.0,50.0,17.0,60.0
22,11,1.0,13.0,70.0,8.0,84.0
22,12,1.0,7.0,75.0,15.5,30.0
22,13,0.0,15.0,77.0,13.75,85.0
22,14,1.0,15.0,40.0,17.5,34.0
22,15,1.0,5.25,50.0,2.0,90.0
22,16,0.0,6.5,50.0,3.0,95.0
22,17,0.0,10.0,10.0,3.0,65.0
22,18,1.0,18.5,45.0,9.0,90.0
22,19,1.0,16.0,90.0,18.0,80.0
23,0,0.0,8.0,65.0,15.0,60.0
23,1,1.0,15.0,60.0,8.0,65.0
23,2,0.0,10.25,68.0,9.5,80.0
23,3,1.0,20.0,50.0,17.0,60.0
23,4,1.0,16.0,90.0,18.0,80.0
23,5,1.0,4.0,80.0,20.0,20.0
23,6,0.0,8.5,40.0,2.5,95.0
23,7,1.0,15.0,40.0,17.5,34.0
23,8,0.0,10.0,10.0,3.0,65.0
23,9,0.0,18.5,45.0,9.0,90.0
23,10,1.0,5.25,50.0,2.0,90.0
23,11,1.0,7.0,75.0,15.5,30.0
23,12,1.0,2.0,80.0,9.0,20.0
23,13,1.0,20.0,30.0,12.5,48.0
23,14,1.0,4.0,97.0,16.0,33.0
23,15,0.0,6.5,50.0,3.0,95.0
23,16,1.0,13.0,70.0,8.0,84.0
23,17,0.0,12.0,20.0,6.0,60.0
23,18,0.0,11.0,30.0,5.0,65.0
23,19,0.0,15.0,77.0,13.75,85.0
24,0,1.0,11.0,30.0,5.0,65.0
24,1,0.0,5.25,50.0,2.0,90.0
24,2,0.0,10.25,68.0,9.5,80.0
24,3,0.0,13.0,70.0,8.0,84.0
24,4,0.0,6.5,50.0,3.0,95.0
24,5,1.0,4.0,97.0,16.0,33.0
24,6,0.0,8.5,40.0,2.5,95.0
24,7,1.0,7.0,75.0,15.5,30.0
24,8,1.0,16.0,90.0,18.0,80.0
24,9,0.0,20.0,50.0,17.0,60.0
24,10,0.0,15.0,77.0,13.75,85.0
24,11,1.0,8.0,65.0,15.0,60.0
24,12,0.0,15.0,40.0,17.5,34.0
24,13,0.0,20.0,30.0,12.5,48.0
24,14,1.0,2.0,80.0,9.0,20.0
24,15,0.0,15.0,60.0,8.0,65.0
24,16,0.0,18.5,45.0,9.0,90.0
24,17,0.0,10.0,10.0,3.0,65.0
24,18,1.0,12.0,20.0,6.0,60.0
24,19,1.0,4.0,80.0,20.0,20.0
25,0,1.0,16.0,90.0,18.0,80.0
25,1,1.0,2.0,80.0,9.0,20.0
25,2,0.0,12.0,20.0,6.0,60.0
25,3,0.0,8.0,65.0,15.0,60.0
25,4,0.0,15.0,40.0,17.5,34.0
25,5,0.0,20.0,50.0,17.0,60.0
25,6,0.0,5.25,50.0,2.0,90.0
25,7,1.0,15.0,60.0,8.0,65.0
25,8,0.0,10.0,10.0,3.0,65.0
25,9,0.0,6.5,50.0,3.0,95.0
25,10,0.0,15.0,77.0,13.75,85.0
25,11,0.0,10.25,68.0,9.5,80.0
25,12,1.0,4.0,97.0,16.0,33.0
25,13,1.0,20.0,30.0,12.5,48.0
25,14,0.0,8.5,40.0,2.5,95.0
25,15,1.0,7.0,75.0,15.5,30.0
25,16,0.0,11.0,30.0,5.0,65.0
26,0,0.0,18.5,45.0,9.0,90.0
26,1,0.0,12.0,20.0,6.0,60.0
26,2,0.0,5.25,50.0,2.0,90.0
26,3,1.0,4.0,97.0,16.0,33.0
26,4,0.0,8.0,65.0,15.0,60.0
26,5,1.0,20.0,30.0,12.5,48.0
26,6,0.0,6.5,50.0,3.0,95.0
26,7,0.0,10.25,68.0,9.5,80.0
26,8,0.0,10.0,10.0,3.0,65.0
26,9,1.0,15.0,60.0,8.0,65.0
26,10,1.0,20.0,50.0,17.0,60.0
26,11,0.0,13.0,70.0,8.0,84.0
26,12,0.0,4.0,80.0,20.0,20.0
26,13,1.0,2.0,80.0,9.0,20.0
26,14,1.0,7.0,75.0,15.5,30.0
26,15,1.0,16.0,90.0,18.0,80.0
26,16,0.0,15.0,77.0,13.75,85.0
26,17,0.0,8.5,40.0,2.5,95.0
27,0,1.0,2.0,80.0,9.0,20.0
27,1,1.0,10.25,68.0,9.5,80.0
27,2,0.0,20.0,30.0,12.5,48.0
27,3,0.0,5.25,50.0,2.0,90.0
27,4,1.0,15.0,77.0,13.75,85.0
27,5,1.0,15.0,60.0,8.0,65.0
27,6,0.0,12.0,20.0,6.0,60.0
27,7,0.0,15.0,40.0,17.5,34.0
27,8,1.0,7.0,75.0,15.5,30.0
27,9,1.0,16.0,90.0,18.0,80.0
27,10,0.0,6.5,50.0,3.0,95.0
27,11,1.0,13.0,70.0,8.0,84.0
27,12,0.0,10.0,10.0,3.0,65.0
27,13,0.0,8.0,65.0,15.0,60.0
27,14,0.0,20.0,50.0,17.0,60.0
27,15,0.0,8.5,40.0,2.5,95.0
27,16,1.0,4.0,97.0,16.0,33.0
27,17,1.0,4.0,80.0,20.0,20.0
27,18,0.0,18.5,45.0,9.0,90.0
27,19,0.0,11.0,30.0,5.0,65.0
28,0,1.0,20.0,30.0,12.5,48.0
28,1,0.0,15.0,60.0,8.0,65.0
28,2,0.0,4.0,97.0,16.0,33.0
28,3,0.0,12.0,20.0,6.0,60.0
28,4,1.0,15.0,40.0,17.5,34.0
28,5,0.0,10.25,68.0,9.5,80.0
28,6,0.0,13.0,70.0,8.0,84.0
28,7,1.0,7.0,75.0,15.5,30.0
28,8,0.0,8.5,40.0,2.5,95.0
28,9,0.0,11.0,30.0,5.0,65.0
28,10,0.0,5.25,50.0,2.0,90.0
28,11,0.0,18.5,45.0,9.0,90.0
28,12,0.0,10.0,10.0,3.0,65.0
28,13,0.0,6.5,50.0,3.0,95.0
28,14,1.0,16.0,90.0,18.0,80.0
28,15,1.0,4.0,80.0,20.0,20.0
28,16,0.0,20.0,50.0,17.0,60.0
28,17,0.0,8.0,65.0,15.0,60.0
28,18,0.0,15.0,77.0,13.75,85.0
28,19,1.0,2.0,80.0,9.0,20.0
29,0,0.0,12.0,20.0,6.0,60.0
29,1,0.0,15.0,77.0,13.75,85.0
29,2,1.0,15.0,40.0,17.5,34.0
29,3,1.0,4.0,97.0,16.0,33.0
29,4,0.0,13.0,70.0,8.0,84.0
29,5,0.0,8.5,40.0,2.5,95.0
29,6,1.0,20.0,50.0,17.0,60.0
29,7,0.0,10.25,68.0,9.5,80.0
29,8,0.0,20.0,30.0,12.5,48.0
29,9,0.0,11.0,30.0,5.0,65.0
29,10,1.0,15.0,60.0,8.0,65.0
29,11,0.0,5.25,50.0,2.0,90.0
29,12,0.0,4.0,80.0,20.0,20.0
29,13,0.0,18.5,45.0,9.0,90.0
29,14,1.0,7.0,75.0,15.5,30.0
29,15,1.0,2.0,80.0,9.0,20.0
29,16,0.0,8.0,65.0,15.0,60.0
29,17,1.0,16.0,90.0,18.0,80.0
29,18,0.0,10.0,10.0,3.0,65.0
29,19,0.0,6.5,50.0,3.0,95.0
30,0,1.0,15.0,77.0,13.75,85.0
30,1,0.0,7.0,75.0,15.5,30.0
30,2,0.0,12.0,20.0,6.0,60.0
30,3,1.0,15.0,40.0,17.5,34.0
30,4,1.0,13.0,70.0,8.0,84.0
30,5,0.0,4.0,80.0,20.0,20.0
30,6,1.0,20.0,30.0,12.5,48.0
30,7,1.0,11.0,30.0,5.0,65.0
30,8,0.0,4.0,97.0,16.0,33.0
30,9,1.0,10.25,68.0,9.5,80.0
30,10,0.0,8.5,40.0,2.5,95.0
30,11,1.0,15.0,60.0,8.0,65.0
30,12,1.0,2.0,80.0,9.0,20.0
30,13,0.0,16.0,90.0,18.0,80.0
30,14,0.0,6.5,50.0,3.0,95.0
30,15,0.0,5.25,50.0,2.0,90.0
30,16,1.0,18.5,45.0,9.0,90.0
30,17,0.0,10.0,10.0,3.0,65.0
30,18,0.0,8.0,65.0,15.0,60.0
30,19,0.0,20.0,50.0,17.0,60.0
31,0,1.0,13.0,70.0,8.0,84.0
31,1,0.0,15.0,40.0,17.5,34.0
31,2,0.0,8.5,40.0,2.5,95.0
31,3,1.0,2.0,80.0,9.0,20.0
31,4,1.0,7.0,75.0,15.5,30.0
31,5,1.0,15.0,60.0,8.0,65.0
31,6,0.0,16.0,90.0,18.0,80.0
31,7,0.0,18.5,45.0,9.0,90.0
31,8,1.0,20.0,50.0,17.0,60.0
31,9,0.0,15.0,77.0,13.75,85.0
31,10,0.0,12.0,20.0,6.0,60.0
31,11,1.0,11.0,30.0,5.0,65.0
31,12,0.0,20.0,30.0,12.5,48.0
31,13,1.0,4.0,97.0,16.0,33.0
31,14,0.0,10.0,10.0,3.0,65.0
31,15,0.0,6.5,50.0,3.0,95.0
31,16,1.0,4.0,80.0,20.0,20.0
31,17,0.0,10.25,68.0,9.5,80.0
31,18,0.0,5.25,50.0,2.0,90.0
31,19,0.0,8.0,65.0,15.0,60.0
32,0,0.0,12.0,20.0,6.0,60.0
32,1,1.0,4.0,80.0,20.0,20.0
32,2,1.0,7.0,75.0,15.5,30.0
32,3,1.0,2.0,80.0,9.0,20.0
32,4,1.0,15.0,60.0,8.0,65.0
32,5,0.0,10.25,68.0,9.5,80.0
32,6,1.0,20.0,30.0,12.5,48.0
32,7,1.0,13.0,70.0,8.0,84.0
32,8,0.0,8.0,65.0,15.0,60.0
32,9,1.0,16.0,90.0,18.0,80.0
32,10,0.0,15.0,77.0,13.75,85.0
32,11,1.0,8.5,40.0,2.5,95.0
32,12,1.0,20.0,50.0,17.0,60.0
32,13,0.0,18.5,45.0,9.0,90.0
32,14,0.0,5.25,50.0,2.0,90.0
32,15,0.0,6.5,50.0,3.0,95.0
32,16,1.0,11.0,30.0,5.0,65.0
32,17,0.0,15.0,40.0,17.5,34.0
32,18,1.0,4.0,97.0,16.0,33.0
32,19,0.0,10.0,10.0,3.0,65.0
33,0,0.0,20.0,30.0,12.5,48.0
33,1,1.0,5.25,50.0,2.0,90.0
33,2,0.0,8.0,65.0,15.0,60.0
33,3,0.0,4.0,97.0,16.0,33.0
33,4,0.0,12.0,20.0,6.0,60.0
33,5,0.0,2.0,80.0,9.0,20.0
33,6,1.0,20.0,50.0,17.0,60.0
33,7,0.0,10.0,10.0,3.0,65.0
33,8,0.0,10.25,68.0,9.5,80.0
33,9,1.0,15.0,77.0,13.75,85.0
33,10,1.0,6.5,50.0,3.0,95.0
33,11,1.0,15.0,60.0,8.0,65.0
33,12,0.0,4.0,80.0,20.0,20.0
33,13,1.0,8.5,40.0,2.5,95.0
33,14,0.0,18.5,45.0,9.0,90.0
33,15,1.0,16.0,90.0,18.0,80.0
33,16,1.0,7.0,75.0,15.5,30.0
33,17,0.0,13.0,70.0,8.0,84.0
33,18,0.0,15.0,40.0,17.5,34.0
33,19,0.0,11.0,30.0,5.0,65.0
34,0,0.0,16.0,90.0,18.0,80.0
34,1,1.0,7.0,75.0,15.5,30.0
34,2,0.0,4.0,80.0,20.0,20.0
34,3,1.0,5.25,50.0,2.0,90.0
34,4,0.0,8.0,65.0,15.0,60.0
34,5,0.0,10.25,68.0,9.5,80.0
34,6,0.0,8.5,40.0,2.5,95.0
34,7,0.0,10.0,10.0,3.0,65.0
34,8,1.0,15.0,77.0,13.75,85.0
34,9,1.0,20.0,30.0,12.5,48.0
34,10,1.0,15.0,40.0,17.5,34.0
34,11,1.0,4.0,97.0,16.0,33.0
34,12,1.0,15.0,60.0,8.0,65.0
34,13,0.0,13.0,70.0,8.0,84.0
34,14,1.0,2.0,80.0,9.0,20.0
34,15,0.0,12.0,20.0,6.0,60.0
34,16,0.0,20.0,50.0,17.0,60.0
34,17,0.0,6.5,50.0,3.0,95.0
34,18,0.0,11.0,30.0,5.0,65.0
34,19,0.0,18.5,45.0,9.0,90.0
35,0,1.0,18.5,45.0,9.0,90.0
35,1,0.0,15.0,40.0,17.5,34.0
35,2,0.0,4.0,97.0,16.0,33.0
35,3,0.0,2.0,80.0,9.0,20.0
35,4,0.0,12.0,20.0,6.0,60.0
35,5,0.0,10.25,68.0,9.5,80.0
35,6,1.0,15.0,60.0,8.0,65.0
35,7,0.0,4.0,80.0,20.0,20.0
35,8,1.0,7.0,75.0,15.5,30.0
35,9,0.0,6.5,50.0,3.0,95.0
35,10,0.0,8.0,65.0,15.0,60.0
35,11,1.0,10.0,10.0,3.0,65.0
35,12,0.0,15.0,77.0,13.75,85.0
35,13,0.0,20.0,30.0,12.5,48.0
35,14,1.0,8.5,40.0,2.5,95.0
35,15,1.0,13.0,70.0,8.0,84.0
36,0,1.0,20.0,30.0,12.5,48.0
36,1,1.0,15.0,60.0,8.0,65.0
36,2,0.0,12.0,20.0,6.0,60.0
36,3,0.0,4.0,97.0,16.0,33.0
36,4,1.0,15.0,40.0,17.5,34.0
36,5,1.0,10.0,10.0,3.0,65.0
36,6,1.0,2.0,80.0,9.0,20.0
36,7,1.0,13.0,70.0,8.0,84.0
36,8,1.0,11.0,30.0,5.0,65.0
36,9,1.0,8.5,40.0,2.5,95.0
36,10,0.0,18.5,45.0,9.0,90.0
36,11,0.0,8.0,65.0,15.0,60.0
36,12,0.0,10.25,68.0,9.5,80.0
36,13,0.0,4.0,80.0,20.0,20.0
36,14,1.0,5.25,50.0,2.0,90.0
36,15,0.0,20.0,50.0,17.0,60.0
36,16,1.0,7.0,75.0,15.5,30.0
36,17,1.0,16.0,90.0,18.0,80.0
36,18,0.0,15.0,77.0,13.75,85.0
36,19,0.0,6.5,50.0,3.0,95.0
37,0,0.0,2.0,80.0,9.0,20.0
37,1,1.0,5.25,50.0,2.0,90.0
37,2,1.0,11.0,30.0,5.0,65.0
37,3,1.0,8.5,40.0,2.5,95.0
37,4,0.0,10.0,10.0,3.0,65.0
37,5,1.0,16.0,90.0,18.0,80.0
37,6,1.0,12.0,20.0,6.0,60.0
37,7,1.0,13.0,70.0,8.0,84.0
37,8,1.0,6.5,50.0,3.0,95.0
37,9,0.0,4.0,97.0,16.0,33.0
37,10,1.0,15.0,40.0,17.5,34.0
37,11,0.0,10.25,68.0,9.5,80.0
37,12,1.0,18.5,45.0,9.0,90.0
37,13,0.0,8.0,65.0,15.0,60.0
37,14,1.0,20.0,30.0,12.5,48.0
37,15,0.0,15.0,77.0,13.75,85.0
37,16,0.0,7.0,75.0,15.5,30.0
37,17,1.0,15.0,60.0,8.0,65.0
37,18,0.0,4.0,80.0,20.0,20.0
37,19,0.0,20.0,50.0,17.0,60.0
38,0,0.0,13.0,70.0,8.0,84.0
38,1,1.0,15.0,77.0,13.75,85.0
38,2,0.0,10.25,68.0,9.5,80.0
38,3,1.0,4.0,80.0,20.0,20.0
38,4,0.0,8.0,65.0,15.0,60.0
38,5,0.0,5.25,50.0,2.0,90.0
38,6,0.0,6.5,50.0,3.0,95.0
38,7,1.0,12.0,20.0,6.0,60.0
38,8,0.0,15.0,40.0,17.5,34.0
38,9,0.0,11.0,30.0,5.0,65.0
38,10,1.0,10.0,10.0,3.0,65.0
38,11,1.0,20.0,30.0,12.5,48.0
38,12,1.0,16.0,90.0,18.0,80.0
38,13,1.0,15.0,60.0,8.0,65.0
38,14,1.0,18.5,45.0,9.0,90.0
38,15,1.0,20.0,50.0,17.0,60.0
38,16,0.0,2.0,80.0,9.0,20.0
39,0,1.0,16.0,90.0,18.0,80.0
39,1,1.0,6.5,50.0,3.0,95.0
39,2,0.0,4.0,97.0,16.0,33.0
39,3,0.0,20.0,50.0,17.0,60.0
39,4,0.0,15.0,40.0,17.5,34.0
39,5,0.0,7.0,75.0,15.5,30.0
39,6,1.0,15.0,60.0,8.0,65.0
39,7,1.0,20.0,30.0,12.5,48.0
39,8,1.0,18.5,45.0,9.0,90.0
39,9,0.0,15.0,77.0,13.75,85.0
39,10,0.0,2.0,80.0,9.0,20.0
39,11,0.0,10.25,68.0,9.5,80.0
39,12,1.0,13.0,70.0,8.0,84.0
39,13,1.0,10.0,10.0,3.0,65.0
39,14,1.0,12.0,20.0,6.0,60.0
39,15,0.0,8.0,65.0,15.0,60.0
39,16,1.0,5.25,50.0,2.0,90.0
39,17,0.0,4.0,80.0,20.0,20.0
39,18,1.0,11.0,30.0,5.0,65.0
39,19,1.0,8.5,40.0,2.5,95.0
40,0,1.0,20.0,50.0,17.0,60.0
40,1,0.0,2.0,80.0,9.0,20.0
40,2,0.0,15.0,77.0,13.75,85.0
40,3,0.0,7.0,75.0,15.5,30.0
40,4,1.0,15.0,60.0,8.0,65.0
40,5,1.0,5.25,50.0,2.0,90.0
40,6,1.0,8.5,40.0,2.5,95.0
40,7,1.0,16.0,90.0,18.0,80.0
40,8,0.0,10.25,68.0,9.5,80.0
40,9,0.0,8.0,65.0,15.0,60.0
40,10,1.0,18.5,45.0,9.0,90.0
40,11,1.0,12.0,20.0,6.0,60.0
40,12,0.0,15.0,40.0,17.5,34.0
40,13,0.0,20.0,30.0,12.5,48.0
40,14,0.0,4.0,97.0,16.0,33.0
40,15,1.0,6.5,50.0,3.0,95.0
40,16,1.0,13.0,70.0,8.0,84.0
40,17,1.0,11.0,30.0,5.0,65.0
40,18,1.0,10.0,10.0,3.0,65.0
40,19,0.0,4.0,80.0,20.0,20.0
41,0,0.0,15.0,77.0,13.75,85.0
41,1,1.0,16.0,90.0,18.0,80.0
41,2,0.0,10.0,10.0,3.0,65.0
41,3,0.0,10.25,68.0,9.5,80.0
41,4,0.0,6.5,50.0,3.0,95.0
41,5,0.0,8.5,40.0,2.5,95.0
41,6,1.0,15.0,60.0,8.0,65.0
41,7,0.0,20.0,30.0,12.5,48.0
41,8,0.0,13.0,70.0,8.0,84.0
41,9,1.0,4.0,97.0,16.0,33.0
41,10,1.0,4.0,80.0,20.0,20.0
41,11,0.0,11.0,30.0,5.0,65.0
41,12,1.0,7.0,75.0,15.5,30.0
41,13,1.0,15.0,40.0,17.5,34.0
41,14,0.0,8.0,65.0,15.0,60.0
41,15,0.0,12.0,20.0,6.0,60.0
41,16,0.0,18.5,45.0,9.0,90.0
41,17,1.0,2.0,80.0,9.0,20.0
41,18,0.0,20.0,50.0,17.0,60.0
42,0,0.0,2.0,80.0,9.0,20.0
42,1,1.0,13.0,70.0,8.0,84.0
42,2,1.0,5.25,50.0,2.0,90.0
42,3,0.0,4.0,97.0,16.0,33.0
42,4,1.0,8.5,40.0,2.5,95.0
42,5,0.0,15.0,40.0,17.5,34.0
42,6,1.0,11.0,30.0,5.0,65.0
42,7,1.0,12.0,20.0,6.0,60.0
42,8,0.0,18.5,45.0,9.0,90.0
42,9,1.0,6.5,50.0,3.0,95.0
42,10,0.0,4.0,80.0,20.0,20.0
42,11,1.0,20.0,30.0,12.5,48.0
42,12,0.0,7.0,75.0,15.5,30.0
42,13,0.0,10.0,10.0,3.0,65.0
42,14,0.0,15.0,77.0,13.75,85.0
42,15,1.0,15.0,60.0,8.0,65.0
42,16,0.0,16.0,90.0,18.0,80.0
42,17,0.0,10.25,68.0,9.5,80.0
43,0,0.0,6.5,50.0,3.0,95.0
43,1,1.0,10.0,10.0,3.0,65.0
43,2,1.0,4.0,97.0,16.0,33.0
43,3,0.0,15.0,40.0,17.5,34.0
43,4,0.0,12.0,20.0,6.0,60.0
43,5,0.0,20.0,50.0,17.0,60.0
43,6,0.0,8.5,40.0,2.5,95.0
43,7,0.0,4.0,80.0,20.0,20.0
43,8,0.0,18.5,45.0,9.0,90.0
43,9,1.0,7.0,75.0,15.5,30.0
43,10,1.0,20.0,30.0,12.5,48.0
43,11,1.0,15.0,60.0,8.0,65.0
43,12,0.0,16.0,90.0,18.0,80.0
43,13,0.0,13.0,70.0,8.0,84.0
43,14,0.0,8.0,65.0,15.0,60.0
43,15,0.0,10.25,68.0,9.5,80.0
43,16,0.0,11.0,30.0,5.0,65.0
43,17,1.0,2.0,80.0,9.0,20.0
43,18,0.0,5.25,50.0,2.0,90.0
43,19,0.0,15.0,77.0,13.75,85.0
44,0,0.0,11.0,30.0,5.0,65.0
44,1,0.0,4.0,80.0,20.0,20.0
44,2,1.0,7.0,75.0,15.5,30.0
44,3,1.0,15.0,60.0,8.0,65.0
44,4,1.0,20.0,50.0,17.0,60.0
44,5,1.0,15.0,40.0,17.5,34.0
44,6,1.0,8.5,40.0,2.5,95.0
44,7,1.0,13.0,70.0,8.0,84.0
44,8,0.0,16.0,90.0,18.0,80.0
44,9,0.0,18.5,45.0,9.0,90.0
44,10,0.0,4.0,97.0,16.0,33.0
44,11,0.0,8.0,65.0,15.0,60.0
44,12,0.0,10.25,68.0,9.5,80.0
44,13,1.0,20.0,30.0,12.5,48.0
44,14,0.0,6.5,50.0,3.0,95.0
44,15,0.0,2.0,80.0,9.0,20.0
44,16,1.0,15.0,77.0,13.75,85.0
44,17,0.0,5.25,50.0,2.0,90.0
44,18,0.0,10.0,10.0,3.0,65.0
44,19,0.0,12.0,20.0,6.0,60.0
45,0,1.0,13.0,70.0,8.0,84.0
45,1,0.0,20.0,50.0,17.0,60.0
45,2,0.0,4.0,80.0,20.0,20.0
45,3,0.0,20.0,30.0,12.5,48.0
45,4,0.0,12.0,20.0,6.0,60.0
45,5,1.0,18.5,45.0,9.0,90.0
45,6,1.0,4.0,97.0,16.0,33.0
45,7,1.0,15.0,60.0,8.0,65.0
45,8,1.0,7.0,75.0,15.5,30.0
45,9,1.0,2.0,80.0,9.0,20.0
45,10,0.0,10.0,10.0,3.0,65.0
45,11,0.0,6.5,50.0,3.0,95.0
45,12,0.0,5.25,50.0,2.0,90.0
45,13,0.0,15.0,77.0,13.75,85.0
45,14,1.0,16.0,90.0,18.0,80.0
45,15,1.0,15.0,40.0,17.5,34.0
45,16,0.0,8.0,65.0,15.0,60.0
46,0,1.0,4.0,80.0,20.0,20.0
46,1,1.0,16.0,90.0,18.0,80.0
46,2,0.0,11.0,30.0,5.0,65.0
46,3,0.0,15.0,40.0,17.5,34.0
46,4,1.0,13.0,70.0,8.0,84.0
46,5,1.0,20.0,30.0,12.5,48.0
46,6,0.0,10.25,68.0,9.5,80.0
46,7,1.0,4.0,97.0,16.0,33.0
46,8,1.0,2.0,80.0,9.0,20.0
46,9,0.0,15.0,77.0,13.75,85.0
46,10,0.0,18.5,45.0,9.0,90.0
46,11,1.0,20.0,50.0,17.0,60.0
46,12,0.0,5.25,50.0,2.0,90.0
46,13,0.0,12.0,20.0,6.0,60.0
46,14,0.0,6.5,50.0,3.0,95.0
46,15,1.0,7.0,75.0,15.5,30.0
46,16,1.0,15.0,60.0,8.0,65.0
46,17,0.0,10.0,10.0,3.0,65.0
46,18,0.0,8.5,40.0,2.5,95.0
46,19,0.0,8.0,65.0,15.0,60.0
47,0,1.0,2.0,80.0,9.0,20.0
47,1,0.0,12.0,20.0,6.0,60.0
47,2,0.0,10.25,68.0,9.5,80.0
47,3,1.0,15.0,40.0,17.5,34.0
47,4,0.0,11.0,30.0,5.0,65.0
47,5,1.0,20.0,30.0,12.5,48.0
47,6,1.0,20.0,50.0,17.0,60.0
47,7,0.0,8.0,65.0,15.0,60.0
47,8,0.0,8.5,40.0,2.5,95.0
47,9,1.0,4.0,97.0,16.0,33.0
47,10,0.0,16.0,90.0,18.0,80.0
47,11,1.0,5.25,50.0,2.0,90.0
47,12,0.0,10.0,10.0,3.0,65.0
47,13,1.0,13.0,70.0,8.0,84.0
47,14,1.0,15.0,77.0,13.75,85.0
47,15,1.0,15.0,60.0,8.0,65.0
47,16,1.0,7.0,75.0,15.5,30.0
47,17,0.0,6.5,50.0,3.0,95.0
47,18,1.0,4.0,80.0,20.0,20.0
47,19,1.0,18.5,45.0,9.0,90.0
48,0,0.0,10.0,10.0,3.0,65.0
48,1,0.0,20.0,50.0,17.0,60.0
48,2,1.0,4.0,80.0,20.0,20.0
48,3,1.0,16.0,90.0,18.0,80.0
48,4,0.0,12.0,20.0,6.0,60.0
48,5,0.0,20.0,30.0,12.5,48.0
48,6,1.0,15.0,60.0,8.0,65.0
48,7,1.0,4.0,97.0,16.0,33.0
48,8,0.0,15.0,77.0,13.75,85.0
48,9,0.0,11.0,30.0,5.0,65.0
48,10,1.0,2.0,80.0,9.0,20.0
48,11,1.0,5.25,50.0,2.0,90.0
48,12,0.0,8.5,40.0,2.5,95.0
48,13,1.0,7.0,75.0,15.5,30.0
48,14,1.0,15.0,40.0,17.5,34.0
48,15,0.0,6.5,50.0,3.0,95.0
48,16,0.0,18.5,45.0,9.0,90.0
48,17,0.0,8.0,65.0,15.0,60.0
48,18,0.0,10.25,68.0,9.5,80.0
48,19,0.0,13.0,70.0,8.0,84.0
49,0,0.0,10.25,68.0,9.5,80.0
49,1,0.0,8.0,65.0,15.0,60.0
49,2,1.0,13.0,70.0,8.0,84.0
49,3,1.0,16.0,90.0,18.0,80.0
49,4,0.0,20.0,50.0,17.0,60.0
49,5,0.0,10.0,10.0,3.0,65.0
49,6,0.0,12.0,20.0,6.0,60.0
49,7,1.0,7.0,75.0,15.5,30.0
49,8,0.0,8.5,40.0,2.5,95.0
49,9,1.0,18.5,45.0,9.0,90.0
49,10,1.0,15.0,60.0,8.0,65.0
49,11,0.0,6.5,50.0,3.0,95.0
49,12,0.0,15.0,40.0,17.5,34.0
49,13,0.0,11.0,30.0,5.0,65.0
49,14,0.0,15.0,77.0,13.75,85.0
49,15,1.0,4.0,97.0,16.0,33.0
49,16,1.0,2.0,80.0,9.0,20.0
49,17,1.0,4.0,80.0,20.0,20.0
49,18,0.0,20.0,30.0,12.5,48.0
49,19,0.0,5.25,50.0,2.0,90.0
50,0,1.0,4.0,97.0,16.0,33.0
50,1,1.0,15.0,40.0,17.5,34.0
50,2,1.0,15.0,60.0,8.0,65.0
50,3,1.0,20.0,30.0,12.5,48.0
50,4,0.0,11.0,30.0,5.0,65.0
50,5,1.0,4.0,80.0,20.0,20.0
50,6,0.0,6.5,50.0,3.0,95.0
50,7,1.0,13.0,70.0,8.0,84.0
50,8,0.0,8.5,40.0,2.5,95.0
50,9,0.0,10.0,10.0,3.0,65.0
50,10,0.0,18.5,45.0,9.0,90.0
50,11,1.0,16.0,90.0,18.0,80.0
50,12,1.0,7.0,75.0,15.5,30.0
50,13,0.0,12.0,20.0,6.0,60.0
50,14,0.0,2.0,80.0,9.0,20.0
50,15,1.0,15.0,77.0,13.75,85.0
50,16,0.0,10.25,68.0,9.5,80.0
50,17,0.0,8.0,65.0,15.0,60.0
50,18,1.0,20.0,50.0,17.0,60.0
50,19,1.0,5.25,50.0,2.0,90.0
51,0,1.0,20.0,30.0,12.5,48.0
51,1,1.0,7.0,75.0,15.5,30.0
51,2,0.0,16.0,90.0,18.0,80.0
51,3,0.0,5.25,50.0,2.0,90.0
51,4,1.0,13.0,70.0,8.0,84.0
51,5,0.0,10.0,10.0,3.0,65.0
51,6,0.0,8.0,65.0,15.0,60.0
51,7,1.0,15.0,60.0,8.0,65.0
51,8,1.0,18.5,45.0,9.0,90.0
51,9,1.0,4.0,97.0,16.0,33.0
51,10,0.0,6.5,50.0,3.0,95.0
51,11,0.0,11.0,30.0,5.0,65.0
51,12,1.0,20.0,50.0,17.0,60.0
51,13,1.0,15.0,77.0,13.75,85.0
51,14,1.0,4.0,80.0,20.0,20.0
51,15,0.0,12.0,20.0,6.0,60.0
51,16,0.0,10.25,68.0,9.5,80.0
51,17,1.0,2.0,80.0,9.0,20.0
51,18,1.0,15.0,40.0,17.5,34.0
51,19,0.0,8.5,40.0,2.5,95.0
52,0,0.0,16.0,90.0,18.0,80.0
52,1,0.0,12.0,20.0,6.0,60.0
52,2,0.0,18.5,45.0,9.0,90.0
52,3,1.0,5.25,50.0,2.0,90.0
52,4,1.0,11.0,30.0,5.0,65.0
52,5,1.0,13.0,70.0,8.0,84.0
52,6,1.0,8.5,40.0,2.5,95.0
52,7,0.0,4.0,80.0,20.0,20.0
52,8,0.0,10.0,10.0,3.0,65.0
52,9,0.0,10.25,68.0,9.5,80.0
52,10,0.0,7.0,75.0,15.5,30.0
52,11,0.0,15.0,40.0,17.5,34.0
52,12,0.0,2.0,80.0,9.0,20.0
52,13,0.0,15.0,77.0,13.75,85.0
52,14,0.0,4.0,97.0,16.0,33.0
52,15,1.0,15.0,60.0,8.0,65.0
52,16,1.0,20.0,30.0,12.5,48.0
52,17,1.0,20.0,50.0,17.0,60.0
52,18,1.0,6.5,50.0,3.0,95.0
52,19,0.0,8.0,65.0,15.0,60.0
53,0,0.0,10.25,68.0,9.5,80.0
53,1,1.0,15.0,40.0,17.5,34.0
53,2,1.0,4.0,80.0,20.0,20.0
53,3,0.0,20.0,50.0,17.0,60.0
53,4,0.0,8.5,40.0,2.5,95.0
53,5,1.0,6.5,50.0,3.0,95.0
53,6,1.0,2.0,80.0,9.0,20.0
53,7,0.0,20.0,30.0,12.5,48.0
53,8,0.0,12.0,20.0,6.0,60.0
53,9,1.0,15.0,77.0,13.75,85.0
53,10,0.0,15.0,60.0,8.0,65.0
53,11,1.0,7.0,75.0,15.5,30.0
53,12,0.0,5.25,50.0,2.0,90.0
53,13,0.0,16.0,90.0,18.0,80.0
53,14,0.0,10.0,10.0,3.0,65.0
53,15,1.0,4.0,97.0,16.0,33.0
53,16,0.0,11.0,30.0,5.0,65.0
53,17,1.0,8.0,65.0,15.0,60.0
53,18,0.0,18.5,45.0,9.0,90.0
53,19,0.0,13.0,70.0,8.0,84.0
54,0,0.0,12.0,20.0,6.0,60.0
54,1,1.0,16.0,90.0,18.0,80.0
54,2,0.0,20.0,50.0,17.0,60.0
54,3,1.0,15.0,60.0,8.0,65.0
54,4,0.0,8.5,40.0,2.5,95.0
54,5,1.0,2.0,80.0,9.0,20.0
54,6,0.0,11.0,30.0,5.0,65.0
54,7,0.0,10.0,10.0,3.0,65.0
54,8,0.0,10.25,68.0,9.5,80.0
54,9,0.0,5.25,50.0,2.0,90.0
54,10,1.0,13.0,70.0,8.0,84.0
54,11,1.0,7.0,75.0,15.5,30.0
54,12,1.0,15.0,40.0,17.5,34.0
54,13,0.0,6.5,50.0,3.0,95.0
54,14,0.0,18.5,45.0,9.0,90.0
54,15,1.0,4.0,97.0,16.0,33.0
54,16,0.0,20.0,30.0,12.5,48.0
54,17,0.0,8.0,65.0,15.0,60.0
54,18,1.0,15.0,77.0,13.75,85.0
55,0,0.0,13.0,70.0,8.0,84.0
55,1,0.0,11.0,30.0,5.0,65.0
55,2,1.0,4.0,97.0,16.0,33.0
55,3,0.0,10.0,10.0,3.0,65.0
55,4,1.0,15.0,60.0,8.0,65.0
55,5,1.0,2.0,80.0,9.0,20.0
55,6,0.0,10.25,68.0,9.5,80.0
55,7,1.0,4.0,80.0,20.0,20.0
55,8,0.0,5.25,50.0,2.0,90.0
55,9,0.0,16.0,90.0,18.0,80.0
55,10,1.0,15.0,77.0,13.75,85.0
55,11,1.0,7.0,75.0,15.5,30.0
55,12,0.0,18.5,45.0,9.0,90.0
55,13,0.0,6.5,50.0,3.0,95.0
55,14,0.0,8.0,65.0,15.0,60.0
55,15,1.0,20.0,30.0,12.5,48.0
55,16,1.0,20.0,50.0,17.0,60.0
55,17,1.0,15.0,40.0,17.5,34.0
55,18,0.0,12.0,20.0,6.0,60.0
56,0,0.0,4.0,97.0,16.0,33.0
56,1,0.0,10.25,68.0,9.5,80.0
56,2,0.0,18.5,45.0,9.0,90.0
56,3,1.0,20.0,30.0,12.5,48.0
56,4,0.0,11.0,30.0,5.0,65.0
56,5,1.0,15.0,60.0,8.0,65.0
56,6,0.0,15.0,40.0,17.5,34.0
56,7,1.0,16.0,90.0,18.0,80.0
56,8,0.0,4.0,80.0,20.0,20.0
56,9,0.0,8.5,40.0,2.5,95.0
56,10,0.0,5.25,50.0,2.0,90.0
56,11,0.0,20.0,50.0,17.0,60.0
56,12,0.0,15.0,77.0,13.75,85.0
56,13,1.0,7.0,75.0,15.5,30.0
56,14,0.0,12.0,20.0,6.0,60.0
56,15,1.0,2.0,80.0,9.0,20.0
56,16,0.0,8.0,65.0,15.0,60.0
56,17,0.0,6.5,50.0,3.0,95.0
56,18,1.0,10.0,10.0,3.0,65.0
56,19,1.0,13.0,70.0,8.0,84.0
57,0,0.0,10.0,10.0,3.0,65.0
57,1,0.0,8.0,65.0,15.0,60.0
57,2,0.0,15.0,77.0,13.75,85.0
57,3,1.0,20.0,30.0,12.5,48.0
57,4,0.0,8.5,40.0,2.5,95.0
57,5,1.0,16.0,90.0,18.0,80.0
57,6,1.0,4.0,80.0,20.0,20.0
57,7,1.0,15.0,40.0,17.5,34.0
57,8,1.0,4.0,97.0,16.0,33.0
57,9,1.0,2.0,80.0,9.0,20.0
57,10,1.0,15.0,60.0,8.0,65.0
57,11,1.0,7.0,75.0,15.5,30.0
57,12,0.0,5.25,50.0,2.0,90.0
57,13,0.0,18.5,45.0,9.0,90.0
57,14,0.0,10.25,68.0,9.5,80.0
57,15,0.0,6.5,50.0,3.0,95.0
57,16,1.0,13.0,70.0,8.0,84.0
58,0,0.0,15.0,77.0,13.75,85.0
58,1,1.0,15.0,60.0,8.0,65.0
58,2,0.0,11.0,30.0,5.0,65.0
58,3,0.0,18.5,45.0,9.0,90.0
58,4,1.0,4.0,97.0,16.0,33.0
58,5,1.0,15.0,40.0,17.5,34.0
58,6,0.0,8.5,40.0,2.5,95.0
58,7,0.0,2.0,80.0,9.0,20.0
58,8,0.0,5.25,50.0,2.0,90.0
58,9,0.0,20.0,50.0,17.0,60.0
58,10,1.0,4.0,80.0,20.0,20.0
58,11,0.0,12.0,20.0,6.0,60.0
58,12,1.0,7.0,75.0,15.5,30.0
58,13,0.0,10.0,10.0,3.0,65.0
58,14,0.0,8.0,65.0,15.0,60.0
58,15,0.0,16.0,90.0,18.0,80.0
58,16,1.0,13.0,70.0,8.0,84.0
58,17,0.0,6.5,50.0,3.0,95.0
59,0,0.0,4.0,97.0,16.0,33.0
59,1,0.0,5.25,50.0,2.0,90.0
59,2,0.0,10.0,10.0,3.0,65.0
59,3,1.0,20.0,30.0,12.5,48.0
59,4,1.0,15.0,60.0,8.0,65.0
59,5,0.0,6.5,50.0,3.0,95.0
59,6,0.0,7.0,75.0,15.5,30.0
59,7,0.0,15.0,40.0,17.5,34.0
59,8,0.0,8.0,65.0,15.0,60.0
59,9,0.0,11.0,30.0,5.0,65.0
59,10,0.0,20.0,50.0,17.0,60.0
59,11,1.0,12.0,20.0,6.0,60.0
59,12,1.0,8.5,40.0,2.5,95.0
59,13,0.0,2.0,80.0,9.0,20.0
59,14,1.0,10.25,68.0,9.5,80.0
59,15,1.0,16.0,90.0,18.0,80.0
59,16,1.0,18.5,45.0,9.0,90.0
59,17,0.0,4.0,80.0,20.0,20.0
59,18,0.0,15.0,77.0,13.75,85.0
59,19,0.0,13.0,70.0,8.0,84.0
60,0,1.0,15.0,60.0,8.0,65.0
60,1,1.0,4.0,80.0,20.0,20.0
60,2,0.0,5.25,50.0,2.0,90.0
60,3,0.0,13.0,70.0,8.0,84.0
60,4,1.0,16.0,90.0,18.0,80.0
60,5,1.0,6.5,50.0,3.0,95.0
60,6,0.0,10.0,10.0,3.0,65.0
60,7,0.0,18.5,45.0,9.0,90.0
60,8,0.0,12.0,20.0,6.0,60.0
60,9,0.0,8.0,65.0,15.0,60.0
60,10,1.0,20.0,30.0,12.5,48.0
60,11,1.0,2.0,80.0,9.0,20.0
60,12,0.0,20.0,50.0,17.0,60.0
60,13,1.0,4.0,97.0,16.0,33.0
60,14,0.0,10.25,68.0,9.5,80.0
60,15,0.0,8.5,40.0,2.5,95.0
60,16,1.0,15.0,40.0,17.5,34.0
60,17,0.0,11.0,30.0,5.0,65.0
60,18,0.0,15.0,77.0,13.75,85.0
60,19,1.0,7.0,75.0,15.5,30.0
61,0,1.0,15.0,40.0,17.5,34.0
61,1,0.0,4.0,80.0,20.0,20.0
61,2,0.0,8.0,65.0,15.0,60.0
61,3,0.0,16.0,90.0,18.0,80.0
61,4,1.0,20.0,30.0,12.5,48.0
61,5,0.0,18.5,45.0,9.0,90.0
61,6,1.0,10.25,68.0,9.5,80.0
61,7,1.0,15.0,77.0,13.75,85.0
61,8,1.0,5.25,50.0,2.0,90.0
61,9,1.0,11.0,30.0,5.0,65.0
61,10,1.0,8.5,40.0,2.5,95.0
61,11,1.0,20.0,50.0,17.0,60.0
61,12,1.0,7.0,75.0,15.5,30.0
61,13,1.0,12.0,20.0,6.0,60.0
61,14,1.0,6.5,50.0,3.0,95.0
61,15,1.0,15.0,60.0,8.0,65.0
61,16,0.0,13.0,70.0,8.0,84.0
61,17,1.0,2.0,80.0,9.0,20.0
61,18,1.0,10.0,10.0,3.0,65.0
61,19,1.0,4.0,97.0,16.0,33.0
62,0,0.0,10.0,10.0,3.0,65.0
62,1,0.0,15.0,77.0,13.75,85.0
62,2,0.0,18.5,45.0,9.0,90.0
62,3,1.0,8.5,40.0,2.5,95.0
62,4,1.0,6.5,50.0,3.0,95.0
62,5,0.0,10.25,68.0,9.5,80.0
62,6,0.0,20.0,50.0,17.0,60.0
62,7,0.0,20.0,30.0,12.5,48.0
62,8,0.0,4.0,80.0,20.0,20.0
62,9,1.0,15.0,60.0,8.0,65.0
62,10,1.0,7.0,75.0,15.5,30.0
62,11,1.0,16.0,90.0,18.0,80.0
62,12,1.0,15.0,40.0,17.5,34.0
62,13,0.0,8.0,65.0,15.0,60.0
62,14,1.0,11.0,30.0,5.0,65.0
62,15,1.0,4.0,97.0,16.0,33.0
62,16,1.0,2.0,80.0,9.0,20.0
62,17,0.0,5.25,50.0,2.0,90.0
62,18,0.0,12.0,20.0,6.0,60.0
62,19,1.0,13.0,70.0,8.0,84.0
63,0,1.0,7.0,75.0,15.5,30.0
63,1,1.0,20.0,30.0,12.5,48.0
63,2,1.0,15.0,60.0,8.0,65.0
63,3,0.0,5.25,50.0,2.0,90.0
63,4,0.0,8.5,40.0,2.5,95.0
63,5,0.0,10.0,10.0,3.0,65.0
63,6,1.0,8.0,65.0,15.0,60.0
63,7,0.0,15.0,40.0,17.5,34.0
63,8,0.0,12.0,20.0,6.0,60.0
63,9,0.0,13.0,70.0,8.0,84.0
63,10,0.0,6.5,50.0,3.0,95.0
63,11,1.0,4.0,97.0,16.0,33.0
63,12,0.0,15.0,77.0,13.75,85.0
63,13,0.0,11.0,30.0,5.0,65.0
63,14,1.0,20.0,50.0,17.0,60.0
63,15,1.0,4.0,80.0,20.0,20.0
63,16,0.0,16.0,90.0,18.0,80.0
63,17,0.0,10.25,68.0,9.5,80.0
63,18,1.0,2.0,80.0,9.0,20.0
63,19,0.0,18.5,45.0,9.0,90.0
64,0,1.0,15.0,60.0,8.0,65.0
64,1,0.0,4.0,97.0,16.0,33.0
64,2,1.0,15.0,40.0,17.5,34.0
64,3,0.0,7.0,75.0,15.5,30.0
64,4,1.0,11.0,30.0,5.0,65.0
64,5,1.0,12.0,20.0,6.0,60.0
64,6,0.0,16.0,90.0,18.0,80.0
64,7,1.0,20.0,30.0,12.5,48.0
64,8,0.0,2.0,80.0,9.0,20.0
64,9,1.0,13.0,70.0,8.0,84.0
64,10,0.0,10.25,68.0,9.5,80.0
64,11,1.0,8.5,40.0,2.5,95.0
64,12,1.0,10.0,10.0,3.0,65.0
64,13,0.0,15.0,77.0,13.75,85.0
64,14,1.0,5.25,50.0,2.0,90.0
64,15,0.0,20.0,50.0,17.0,60.0
64,16,1.0,18.5,45.0,9.0,90.0
64,17,1.0,6.5,50.0,3.0,95.0
65,0,1.0,13.0,70.0,8.0,84.0
65,1,0.0,10.0,10.0,3.0,65.0
65,2,0.0,20.0,30.0,12.5,48.0
65,3,0.0,20.0,50.0,17.0,60.0
65,4,1.0,7.0,75.0,15.5,30.0
65,5,0.0,10.25,68.0,9.5,80.0
65,6,0.0,18.5,45.0,9.0,90.0
65,7,0.0,12.0,20.0,6.0,60.0
65,8,0.0,11.0,30.0,5.0,65.0
65,9,1.0,6.5,50.0,3.0,95.0
65,10,0.0,5.25,50.0,2.0,90.0
65,11,1.0,4.0,80.0,20.0,20.0
65,12,0.0,15.0,60.0,8.0,65.0
65,13,1.0,4.0,97.0,16.0,33.0
65,14,1.0,2.0,80.0,9.0,20.0
65,15,1.0,15.0,40.0,17.5,34.0
65,16,0.0,8.5,40.0,2.5,95.0
65,17,1.0,16.0,90.0,18.0,80.0
65,18,0.0,15.0,77.0,13.75,85.0
66,0,1.0,8.5,40.0,2.5,95.0
66,1,1.0,2.0,80.0,9.0,20.0
66,2,1.0,11.0,30.0,5.0,65.0
66,3,0.0,20.0,50.0,17.0,60.0
66,4,1.0,4.0,97.0,16.0,33.0
66,5,1.0,13.0,70.0,8.0,84.0
66,6,0.0,15.0,77.0,13.75,85.0
66,7,0.0,10.25,68.0,9.5,80.0
66,8,1.0,7.0,75.0,15.5,30.0
66,9,0.0,12.0,20.0,6.0,60.0
66,10,1.0,10.0,10.0,3.0,65.0
66,11,1.0,6.5,50.0,3.0,95.0
66,12,1.0,15.0,40.0,17.5,34.0
66,13,1.0,20.0,30.0,12.5,48.0
66,14,1.0,18.5,45.0,9.0,90.0
66,15,1.0,15.0,60.0,8.0,65.0
66,16,0.0,8.0,65.0,15.0,60.0
67,0,1.0,11.0,30.0,5.0,65.0
67,1,0.0,15.0,40.0,17.5,34.0
67,2,0.0,4.0,80.0,20.0,20.0
67,3,1.0,12.0,20.0,6.0,60.0
67,4,0.0,8.0,65.0,15.0,60.0
67,5,0.0,7.0,75.0,15.5,30.0
67,6,1.0,6.5,50.0,3.0,95.0
67,7,1.0,15.0,60.0,8.0,65.0
67,8,1.0,15.0,77.0,13.75,85.0
67,9,1.0,10.0,10.0,3.0,65.0
67,10,0.0,4.0,97.0,16.0,33.0
67,11,1.0,20.0,50.0,17.0,60.0
67,12,0.0,16.0,90.0,18.0,80.0
67,13,1.0,20.0,30.0,12.5,48.0
67,14,0.0,10.25,68.0,9.5,80.0
67,15,1.0,13.0,70.0,8.0,84.0
67,16,1.0,18.5,45.0,9.0,90.0
67,17,1.0,5.25,50.0,2.0,90.0
68,0,0.0,5.25,50.0,2.0,90.0
68,1,1.0,15.0,40.0,17.5,34.0
68,2,1.0,20.0,30.0,12.5,48.0
68,3,1.0,8.5,40.0,2.5,95.0
68,4,0.0,10.25,68.0,9.5,80.0
68,5,0.0,4.0,97.0,16.0,33.0
68,6,1.0,15.0,60.0,8.0,65.0
68,7,1.0,16.0,90.0,18.0,80.0
68,8,0.0,8.0,65.0,15.0,60.0
68,9,1.0,10.0,10.0,3.0,65.0
68,10,0.0,4.0,80.0,20.0,20.0
68,11,0.0,2.0,80.0,9.0,20.0
68,12,0.0,6.5,50.0,3.0,95.0
68,13,1.0,12.0,20.0,6.0,60.0
68,14,1.0,13.0,70.0,8.0,84.0
68,15,1.0,7.0,75.0,15.5,30.0
68,16,1.0,20.0,50.0,17.0,60.0
68,17,1.0,11.0,30.0,5.0,65.0
68,18,0.0,15.0,77.0,13.75,85.0
69,0,0.0,4.0,80.0,20.0,20.0
69,1,0.0,8.5,40.0,2.5,95.0
69,2,0.0,5.25,50.0,2.0,90.0
69,3,0.0,15.0,60.0,8.0,65.0
69,4,0.0,10.0,10.0,3.0,65.0
69,5,0.0,8.0,65.0,15.0,60.0
69,6,0.0,13.0,70.0,8.0,84.0
69,7,1.0,4.0,97.0,16.0,33.0
69,8,0.0,6.5,50.0,3.0,95.0
69,9,1.0,12.0,20.0,6.0,60.0
69,10,0.0,2.0,80.0,9.0,20.0
69,11,0.0,20.0,30.0,12.5,48.0
69,12,0.0,16.0,90.0,18.0,80.0
69,13,0.0,10.25,68.0,9.5,80.0
69,14,0.0,7.0,75.0,15.5,30.0
69,15,1.0,15.0,40.0,17.5,34.0
69,16,0.0,15.0,77.0,13.75,85.0
69,17,0.0,18.5,45.0,9.0,90.0
69,18,1.0,20.0,50.0,17.0,60.0
70,0,1.0,13.0,70.0,8.0,84.0
70,1,0.0,4.0,80.0,20.0,20.0
70,2,1.0,4.0,97.0,16.0,33.0
70,3,1.0,15.0,77.0,13.75,85.0
70,4,0.0,12.0,20.0,6.0,60.0
70,5,1.0,5.25,50.0,2.0,90.0
70,6,1.0,7.0,75.0,15.5,30.0
70,7,1.0,6.5,50.0,3.0,95.0
70,8,0.0,10.25,68.0,9.5,80.0
70,9,1.0,11.0,30.0,5.0,65.0
70,10,1.0,16.0,90.0,18.0,80.0
70,11,1.0,15.0,60.0,8.0,65.0
70,12,1.0,20.0,30.0,12.5,48.0
70,13,0.0,8.0,65.0,15.0,60.0
70,14,0.0,2.0,80.0,9.0,20.0
70,15,1.0,18.5,45.0,9.0,90.0
70,16,1.0,20.0,50.0,17.0,60.0
71,0,0.0,15.0,40.0,17.5,34.0
71,1,0.0,13.0,70.0,8.0,84.0
71,2,1.0,16.0,90.0,18.0,80.0
71,3,0.0,18.5,45.0,9.0,90.0
71,4,0.0,5.25,50.0,2.0,90.0
71,5,1.0,15.0,60.0,8.0,65.0
71,6,0.0,15.0,77.0,13.75,85.0
71,7,1.0,4.0,97.0,16.0,33.0
71,8,0.0,10.0,10.0,3.0,65.0
71,9,0.0,10.25,68.0,9.5,80.0
71,10,1.0,7.0,75.0,15.5,30.0
71,11,1.0,8.0,65.0,15.0,60.0
71,12,1.0,2.0,80.0,9.0,20.0
71,13,0.0,12.0,20.0,6.0,60.0
71,14,0.0,6.5,50.0,3.0,95.0
71,15,0.0,8.5,40.0,2.5,95.0
71,16,0.0,11.0,30.0,5.0,65.0
71,17,0.0,20.0,50.0,17.0,60.0
71,18,0.0,20.0,30.0,12.5,48.0
71,19,1.0,4.0,80.0,20.0,20.0
72,0,0.0,7.0,75.0,15.5,30.0
72,1,0.0,20.0,30.0,12.5,48.0
72,2,1.0,4.0,80.0,20.0,20.0
72,3,0.0,20.0,50.0,17.0,60.0
72,4,1.0,15.0,40.0,17.5,34.0
72,5,0.0,10.25,68.0,9.5,80.0
72,6,0.0,15.0,77.0,13.75,85.0
72,7,0.0,5.25,50.0,2.0,90.0
72,8,0.0,6.5,50.0,3.0,95.0
72,9,1.0,2.0,80.0,9.0,20.0
72,10,1.0,15.0,60.0,8.0,65.0
72,11,0.0,12.0,20.0,6.0,60.0
72,12,0.0,13.0,70.0,8.0,84.0
72,13,0.0,8.0,65.0,15.0,60.0
72,14,0.0,18.5,45.0,9.0,90.0
72,15,0.0,10.0,10.0,3.0,65.0
72,16,1.0,16.0,90.0,18.0,80.0
72,17,1.0,4.0,97.0,16.0,33.0
72,18,0.0,11.0,30.0,5.0,65.0
72,19,0.0,8.5,40.0,2.5,95.0
73,0,1.0,2.0,80.0,9.0,20.0
73,1,0.0,5.25,50.0,2.0,90.0
73,2,1.0,15.0,40.0,17.5,34.0
73,3,1.0,4.0,97.0,16.0,33.0
73,4,0.0,15.0,77.0,13.75,85.0
73,5,0.0,10.25,68.0,9.5,80.0
73,6,0.0,20.0,30.0,12.5,48.0
73,7,0.0,8.5,40.0,2.5,95.0
73,8,1.0,7.0,75.0,15.5,30.0
73,9,0.0,12.0,20.0,6.0,60.0
73,10,0.0,11.0,30.0,5.0,65.0
73,11,0.0,20.0,50.0,17.0,60.0
73,12,0.0,6.5,50.0,3.0,95.0
73,13,1.0,15.0,60.0,8.0,65.0
73,14,0.0,13.0,70.0,8.0,84.0
73,15,1.0,4.0,80.0,20.0,20.0
73,16,0.0,10.0,10.0,3.0,65.0
73,17,0.0,18.5,45.0,9.0,90.0
73,18,0.0,8.0,65.0,15.0,60.0
73,19,1.0,16.0,90.0,18.0,80.0
74,0,0.0,20.0,30.0,12.5,48.0
74,1,0.0,12.0,20.0,6.0,60.0
74,2,0.0,5.25,50.0,2.0,90.0
74,3,1.0,8.5,40.0,2.5,95.0
74,4,0.0,20.0,50.0,17.0,60.0
74,5,1.0,7.0,75.0,15.5,30.0
74,6,0.0,15.0,60.0,8.0,65.0
74,7,1.0,13.0,70.0,8.0,84.0
74,8,1.0,15.0,77.0,13.75,85.0
74,9,0.0,11.0,30.0,5.0,65.0
74,10,1.0,2.0,80.0,9.0,20.0
74,11,0.0,8.0,65.0,15.0,60.0
74,12,1.0,16.0,90.0,18.0,80.0
74,13,1.0,4.0,80.0,20.0,20.0
74,14,1.0,4.0,97.0,16.0,33.0
74,15,0.0,10.0,10.0,3.0,65.0
74,16,0.0,18.5,45.0,9.0,90.0
74,17,1.0,6.5,50.0,3.0,95.0
74,18,1.0,15.0,40.0,17.5,34.0
74,19,1.0,10.25,68.0,9.5,80.0
75,0,1.0,12.0,20.0,6.0,60.0
75,1,0.0,20.0,50.0,17.0,60.0
75,2,1.0,16.0,90.0,18.0,80.0
75,3,0.0,15.0,40.0,17.5,34.0
75,4,0.0,8.0,65.0,15.0,60.0
75,5,0.0,6.5,50.0,3.0,95.0
75,6,0.0,11.0,30.0,5.0,65.0
75,7,1.0,5.25,50.0,2.0,90.0
75,8,1.0,2.0,80.0,9.0,20.0
75,9,1.0,15.0,60.0,8.0,65.0
75,10,0.0,4.0,80.0,20.0,20.0
75,11,0.0,8.5,40.0,2.5,95.0
75,12,0.0,15.0,77.0,13.75,85.0
75,13,0.0,7.0,75.0,15.5,30.0
75,14,0.0,10.25,68.0,9.5,80.0
75,15,1.0,13.0,70.0,8.0,84.0
75,16,1.0,4.0,97.0,16.0,33.0
75,17,0.0,18.5,45.0,9.0,90.0
76,0,1.0,8.5,40.0,2.5,95.0
76,1,0.0,6.5,50.0,3.0,95.0
76,2,1.0,7.0,75.0,15.5,30.0
76,3,1.0,12.0,20.0,6.0,60.0
76,4,1.0,18.5,45.0,9.0,90.0
76,5,1.0,20.0,30.0,12.5,48.0
76,6,1.0,11.0,30.0,5.0,65.0
76,7,1.0,15.0,77.0,13.75,85.0
76,8,1.0,15.0,60.0,8.0,65.0
76,9,1.0,5.25,50.0,2.0,90.0
76,10,1.0,15.0,40.0,17.5,34.0
76,11,0.0,8.0,65.0,15.0,60.0
76,12,0.0,4.0,97.0,16.0,33.0
76,13,1.0,10.0,10.0,3.0,65.0
76,14,1.0,20.0,50.0,17.0,60.0
76,15,1.0,13.0,70.0,8.0,84.0
76,16,0.0,16.0,90.0,18.0,80.0
76,17,0.0,2.0,80.0,9.0,20.0
77,0,0.0,4.0,97.0,16.0,33.0
77,1,0.0,15.0,40.0,17.5,34.0
77,2,1.0,7.0,75.0,15.5,30.0
77,3,1.0,10.25,68.0,9.5,80.0
77,4,1.0,8.5,40.0,2.5,95.0
77,5,1.0,15.0,60.0,8.0,65.0
77,6,1.0,6.5,50.0,3.0,95.0
77,7,1.0,18.5,45.0,9.0,90.0
77,8,0.0,8.0,65.0,15.0,60.0
77,9,1.0,2.0,80.0,9.0,20.0
77,10,0.0,12.0,20.0,6.0,60.0
77,11,0.0,16.0,90.0,18.0,80.0
77,12,1.0,5.25,50.0,2.0,90.0
77,13,1.0,11.0,30.0,5.0,65.0
77,14,1.0,15.0,77.0,13.75,85.0
77,15,1.0,20.0,30.0,12.5,48.0
77,16,1.0,13.0,70.0,8.0,84.0
77,17,0.0,20.0,50.0,17.0,60.0
78,0,0.0,4.0,80.0,20.0,20.0
78,1,1.0,15.0,40.0,17.5,34.0
78,2,1.0,6.5,50.0,3.0,95.0
78,3,1.0,10.0,10.0,3.0,65.0
78,4,1.0,12.0,20.0,6.0,60.0
78,5,1.0,15.0,60.0,8.0,65.0
78,6,1.0,7.0,75.0,15.5,30.0
78,7,0.0,20.0,50.0,17.0,60.0
78,8,0.0,15.0,77.0,13.75,85.0
78,9,1.0,2.0,80.0,9.0,20.0
78,10,1.0,20.0,30.0,12.5,48.0
78,11,1.0,8.5,40.0,2.5,95.0
78,12,1.0,5.25,50.0,2.0,90.0
78,13,0.0,8.0,65.0,15.0,60.0
78,14,1.0,13.0,70.0,8.0,84.0
78,15,1.0,16.0,90.0,18.0,80.0
78,16,1.0,10.25,68.0,9.5,80.0
78,17,0.0,18.5,45.0,9.0,90.0
78,18,0.0,4.0,97.0,16.0,33.0
78,19,1.0,11.0,30.0,5.0,65.0
79,0,0.0,12.0,20.0,6.0,60.0
79,1,0.0,8.5,40.0,2.5,95.0
79,2,0.0,6.5,50.0,3.0,95.0
79,3,0.0,10.0,10.0,3.0,65.0
79,4,1.0,15.0,60.0,8.0,65.0
79,5,0.0,8.0,65.0,15.0,60.0
79,6,1.0,13.0,70.0,8.0,84.0
79,7,1.0,2.0,80.0,9.0,20.0
79,8,1.0,20.0,30.0,12.5,48.0
79,9,0.0,15.0,40.0,17.5,34.0
79,10,0.0,5.25,50.0,2.0,90.0
79,11,0.0,18.5,45.0,9.0,90.0
79,12,1.0,4.0,80.0,20.0,20.0
79,13,0.0,7.0,75.0,15.5,30.0
79,14,1.0,10.25,68.0,9.5,80.0
79,15,1.0,11.0,30.0,5.0,65.0
79,16,0.0,16.0,90.0,18.0,80.0
79,17,1.0,20.0,50.0,17.0,60.0
79,18,0.0,15.0,77.0,13.75,85.0
79,19,1.0,4.0,97.0,16.0,33.0
80,0,0.0,11.0,30.0,5.0,65.0
80,1,0.0,16.0,90.0,18.0,80.0
80,2,0.0,15.0,60.0,8.0,65.0
80,3,0.0,20.0,30.0,12.5,48.0
80,4,0.0,8.5,40.0,2.5,95.0
80,5,0.0,5.25,50.0,2.0,90.0
80,6,0.0,6.5,50.0,3.0,95.0
80,7,0.0,10.25,68.0,9.5,80.0
80,8,0.0,15.0,77.0,13.75,85.0
80,9,0.0,18.5,45.0,9.0,90.0
80,10,1.0,8.0,65.0,15.0,60.0
80,11,0.0,10.0,10.0,3.0,65.0
80,12,0.0,20.0,50.0,17.0,60.0
80,13,1.0,4.0,80.0,20.0,20.0
80,14,0.0,4.0,97.0,16.0,33.0
80,15,1.0,7.0,75.0,15.5,30.0
80,16,0.0,12.0,20.0,6.0,60.0
81,0,0.0,8.0,65.0,15.0,60.0
81,1,0.0,8.5,40.0,2.5,95.0
81,2,0.0,18.5,45.0,9.0,90.0
81,3,1.0,2.0,80.0,9.0,20.0
81,4,0.0,10.25,68.0,9.5,80.0
81,5,1.0,20.0,30.0,12.5,48.0
81,6,0.0,4.0,80.0,20.0,20.0
81,7,0.0,10.0,10.0,3.0,65.0
81,8,0.0,12.0,20.0,6.0,60.0
81,9,0.0,15.0,40.0,17.5,34.0
81,10,0.0,6.5,50.0,3.0,95.0
81,11,1.0,20.0,50.0,17.0,60.0
81,12,0.0,16.0,90.0,18.0,80.0
81,13,1.0,11.0,30.0,5.0,65.0
81,14,1.0,15.0,60.0,8.0,65.0
81,15,0.0,4.0,97.0,16.0,33.0
81,16,1.0,7.0,75.0,15.5,30.0
81,17,1.0,15.0,77.0,13.75,85.0
81,18,1.0,13.0,70.0,8.0,84.0
81,19,1.0,5.25,50.0,2.0,90.0
82,0,0.0,15.0,60.0,8.0,65.0
82,1,0.0,18.5,45.0,9.0,90.0
82,2,1.0,7.0,75.0,15.5,30.0
82,3,1.0,15.0,40.0,17.5,34.0
82,4,0.0,8.0,65.0,15.0,60.0
82,5,1.0,10.25,68.0,9.5,80.0
82,6,0.0,6.5,50.0,3.0,95.0
82,7,1.0,2.0,80.0,9.0,20.0
82,8,1.0,15.0,77.0,13.75,85.0
82,9,1.0,5.25,50.0,2.0,90.0
82,10,0.0,11.0,30.0,5.0,65.0
82,11,1.0,13.0,70.0,8.0,84.0
82,12,1.0,4.0,80.0,20.0,20.0
82,13,1.0,20.0,50.0,17.0,60.0
82,14,0.0,8.5,40.0,2.5,95.0
82,15,0.0,16.0,90.0,18.0,80.0
82,16,0.0,10.0,10.0,3.0,65.0
82,17,0.0,12.0,20.0,6.0,60.0
82,18,1.0,20.0,30.0,12.5,48.0
83,0,0.0,5.25,50.0,2.0,90.0
83,1,0.0,4.0,80.0,20.0,20.0
83,2,0.0,8.0,65.0,15.0,60.0
83,3,1.0,7.0,75.0,15.5,30.0
83,4,1.0,8.5,40.0,2.5,95.0
83,5,1.0,20.0,30.0,12.5,48.0
83,6,1.0,15.0,60.0,8.0,65.0
83,7,0.0,18.5,45.0,9.0,90.0
83,8,0.0,6.5,50.0,3.0,95.0
83,9,1.0,10.0,10.0,3.0,65.0
83,10,0.0,15.0,40.0,17.5,34.0
83,11,0.0,10.25,68.0,9.5,80.0
83,12,0.0,15.0,77.0,13.75,85.0
83,13,0.0,2.0,80.0,9.0,20.0
83,14,0.0,12.0,20.0,6.0,60.0
83,15,1.0,20.0,50.0,17.0,60.0
83,16,0.0,16.0,90.0,18.0,80.0
83,17,0.0,4.0,97.0,16.0,33.0
83,18,1.0,13.0,70.0,8.0,84.0
84,0,1.0,4.0,97.0,16.0,33.0
84,1,0.0,10.0,10.0,3.0,65.0
84,2,1.0,20.0,30.0,12.5,48.0
84,3,1.0,2.0,80.0,9.0,20.0
84,4,0.0,6.5,50.0,3.0,95.0
84,5,0.0,10.25,68.0,9.5,80.0
84,6,0.0,4.0,80.0,20.0,20.0
84,7,1.0,20.0,50.0,17.0,60.0
84,8,1.0,7.0,75.0,15.5,30.0
84,9,0.0,12.0,20.0,6.0,60.0
84,10,1.0,5.25,50.0,2.0,90.0
84,11,0.0,11.0,30.0,5.0,65.0
84,12,1.0,16.0,90.0,18.0,80.0
84,13,1.0,13.0,70.0,8.0,84.0
84,14,1.0,15.0,60.0,8.0,65.0
84,15,0.0,15.0,40.0,17.5,34.0
84,16,1.0,15.0,77.0,13.75,85.0
84,17,0.0,8.0,65.0,15.0,60.0
84,18,0.0,18.5,45.0,9.0,90.0
84,19,0.0,8.5,40.0,2.5,95.0
85,0,1.0,20.0,30.0,12.5,48.0
85,1,1.0,4.0,97.0,16.0,33.0
85,2,0.0,10.25,68.0,9.5,80.0
85,3,0.0,10.0,10.0,3.0,65.0
85,4,1.0,2.0,80.0,9.0,20.0
85,5,0.0,12.0,20.0,6.0,60.0
85,6,0.0,11.0,30.0,5.0,65.0
85,7,0.0,13.0,70.0,8.0,84.0
85,8,0.0,8.5,40.0,2.5,95.0
85,9,0.0,20.0,50.0,17.0,60.0
85,10,1.0,15.0,40.0,17.5,34.0
85,11,0.0,4.0,80.0,20.0,20.0
85,12,1.0,7.0,75.0,15.5,30.0
85,13,0.0,15.0,77.0,13.75,85.0
85,14,0.0,6.5,50.0,3.0,95.0
85,15,0.0,18.5,45.0,9.0,90.0
85,16,1.0,16.0,90.0,18.0,80.0
85,17,1.0,15.0,60.0,8.0,65.0
85,18,0.0,8.0,65.0,15.0,60.0
86,0,1.0,7.0,75.0,15.5,30.0
86,1,0.0,15.0,40.0,17.5,34.0
86,2,1.0,11.0,30.0,5.0,65.0
86,3,0.0,15.0,77.0,13.75,85.0
86,4,1.0,5.25,50.0,2.0,90.0
86,5,1.0,10.25,68.0,9.5,80.0
86,6,1.0,8.5,40.0,2.5,95.0
86,7,0.0,2.0,80.0,9.0,20.0
86,8,0.0,18.5,45.0,9.0,90.0
86,9,1.0,20.0,50.0,17.0,60.0
86,10,1.0,13.0,70.0,8.0,84.0
86,11,0.0,4.0,80.0,20.0,20.0
86,12,1.0,20.0,30.0,12.5,48.0
86,13,0.0,4.0,97.0,16.0,33.0
86,14,1.0,6.5,50.0,3.0,95.0
86,15,0.0,8.0,65.0,15.0,60.0
86,16,1.0,12.0,20.0,6.0,60.0
86,17,0.0,10.0,10.0,3.0,65.0
86,18,0.0,16.0,90.0,18.0,80.0
86,19,1.0,15.0,60.0,8.0,65.0
87,0,0.0,12.0,20.0,6.0,60.0
87,1,0.0,7.0,75.0,15.5,30.0
87,2,0.0,16.0,90.0,18.0,80.0
87,3,0.0,4.0,80.0,20.0,20.0
87,4,0.0,20.0,50.0,17.0,60.0
87,5,1.0,8.5,40.0,2.5,95.0
87,6,1.0,8.0,65.0,15.0,60.0
87,7,0.0,11.0,30.0,5.0,65.0
87,8,1.0,6.5,50.0,3.0,95.0
87,9,0.0,20.0,30.0,12.5,48.0
87,10,1.0,18.5,45.0,9.0,90.0
87,11,0.0,15.0,40.0,17.5,34.0
87,12,1.0,10.0,10.0,3.0,65.0
87,13,0.0,4.0,97.0,16.0,33.0
87,14,1.0,15.0,60.0,8.0,65.0
87,15,1.0,15.0,77.0,13.75,85.0
87,16,0.0,5.25,50.0,2.0,90.0
87,17,1.0,10.25,68.0,9.5,80.0
87,18,0.0,2.0,80.0,9.0,20.0
87,19,1.0,13.0,70.0,8.0,84.0
88,0,0.0,20.0,50.0,17.0,60.0
88,1,1.0,10.0,10.0,3.0,65.0
88,2,1.0,8.0,65.0,15.0,60.0
88,3,0.0,16.0,90.0,18.0,80.0
88,4,0.0,4.0,80.0,20.0,20.0
88,5,0.0,12.0,20.0,6.0,60.0
88,6,0.0,8.5,40.0,2.5,95.0
88,7,1.0,20.0,30.0,12.5,48.0
88,8,0.0,10.25,68.0,9.5,80.0
88,9,0.0,18.5,45.0,9.0,90.0
88,10,0.0,15.0,77.0,13.75,85.0
88,11,1.0,15.0,40.0,17.5,34.0
88,12,0.0,7.0,75.0,15.5,30.0
88,13,1.0,5.25,50.0,2.0,90.0
88,14,1.0,15.0,60.0,8.0,65.0
88,15,1.0,2.0,80.0,9.0,20.0
88,16,1.0,11.0,30.0,5.0,65.0
89,0,0.0,20.0,50.0,17.0,60.0
89,1,1.0,15.0,40.0,17.5,34.0
89,2,0.0,2.0,80.0,9.0,20.0
89,3,1.0,5.25,50.0,2.0,90.0
89,4,0.0,7.0,75.0,15.5,30.0
89,5,1.0,8.5,40.0,2.5,95.0
89,6,1.0,20.0,30.0,12.5,48.0
89,7,1.0,6.5,50.0,3.0,95.0
89,8,0.0,10.25,68.0,9.5,80.0
89,9,1.0,16.0,90.0,18.0,80.0
89,10,0.0,4.0,97.0,16.0,33.0
89,11,0.0,15.0,77.0,13.75,85.0
89,12,1.0,10.0,10.0,3.0,65.0
89,13,0.0,4.0,80.0,20.0,20.0
89,14,1.0,11.0,30.0,5.0,65.0
89,15,0.0,12.0,20.0,6.0,60.0
89,16,1.0,15.0,60.0,8.0,65.0
89,17,0.0,8.0,65.0,15.0,60.0
89,18,1.0,13.0,70.0,8.0,84.0
90,0,0.0,4.0,97.0,16.0,33.0
90,1,0.0,18.5,45.0,9.0,90.0
90,2,0.0,6.5,50.0,3.0,95.0
90,3,1.0,5.25,50.0,2.0,90.0
90,4,0.0,4.0,80.0,20.0,20.0
90,5,1.0,10.25,68.0,9.5,80.0
90,6,0.0,8.0,65.0,15.0,60.0
90,7,1.0,2.0,80.0,9.0,20.0
90,8,0.0,10.0,10.0,3.0,65.0
90,9,0.0,15.0,77.0,13.75,85.0
90,10,0.0,15.0,40.0,17.5,34.0
90,11,1.0,8.5,40.0,2.5,95.0
90,12,0.0,13.0,70.0,8.0,84.0
90,13,0.0,7.0,75.0,15.5,30.0
90,14,0.0,12.0,20.0,6.0,60.0
90,15,0.0,15.0,60.0,8.0,65.0
90,16,0.0,20.0,50.0,17.0,60.0
91,0,1.0,7.0,75.0,15.5,30.0
91,1,0.0,18.5,45.0,9.0,90.0
91,2,1.0,15.0,60.0,8.0,65.0
91,3,0.0,12.0,20.0,6.0,60.0
91,4,1.0,16.0,90.0,18.0,80.0
91,5,1.0,2.0,80.0,9.0,20.0
91,6,1.0,4.0,97.0,16.0,33.0
91,7,0.0,10.25,68.0,9.5,80.0
91,8,1.0,4.0,80.0,20.0,20.0
91,9,0.0,5.25,50.0,2.0,90.0
91,10,1.0,15.0,40.0,17.5,34.0
91,11,0.0,20.0,50.0,17.0,60.0
91,12,0.0,13.0,70.0,8.0,84.0
91,13,0.0,10.0,10.0,3.0,65.0
91,14,0.0,8.5,40.0,2.5,95.0
91,15,0.0,6.5,50.0,3.0,95.0
91,16,0.0,11.0,30.0,5.0,65.0
91,17,0.0,20.0,30.0,12.5,48.0
91,18,0.0,15.0,77.0,13.75,85.0
91,19,0.0,8.0,65.0,15.0,60.0
92,0,0.0,10.25,68.0,9.5,80.0
92,1,0.0,20.0,50.0,17.0,60.0
92,2,1.0,4.0,80.0,20.0,20.0
92,3,1.0,15.0,40.0,17.5,34.0
92,4,1.0,7.0,75.0,15.5,30.0
92,5,1.0,2.0,80.0,9.0,20.0
92,6,0.0,10.0,10.0,3.0,65.0
92,7,1.0,13.0,70.0,8.0,84.0
92,8,0.0,15.0,77.0,13.75,85.0
92,9,1.0,15.0,60.0,8.0,65.0
92,10,0.0,12.0,20.0,6.0,60.0
92,11,0.0,8.5,40.0,2.5,95.0
92,12,1.0,18.5,45.0,9.0,90.0
92,13,0.0,8.0,65.0,15.0,60.0
92,14,0.0,20.0,30.0,12.5,48.0
92,15,1.0,4.0,97.0,16.0,33.0
92,16,1.0,6.5,50.0,3.0,95.0
92,17,1.0,16.0,90.0,18.0,80.0
92,18,0.0,11.0,30.0,5.0,65.0
93,0,1.0,4.0,97.0,16.0,33.0
93,1,0.0,20.0,50.0,17.0,60.0
93,2,1.0,15.0,40.0,17.5,34.0
93,3,0.0,5.25,50.0,2.0,90.0
93,4,0.0,10.25,68.0,9.5,80.0
93,5,0.0,15.0,77.0,13.75,85.0
93,6,1.0,7.0,75.0,15.5,30.0
93,7,0.0,12.0,20.0,6.0,60.0
93,8,0.0,8.5,40.0,2.5,95.0
93,9,0.0,8.0,65.0,15.0,60.0
93,10,0.0,18.5,45.0,9.0,90.0
93,11,1.0,16.0,90.0,18.0,80.0
93,12,0.0,10.0,10.0,3.0,65.0
93,13,1.0,15.0,60.0,8.0,65.0
93,14,0.0,13.0,70.0,8.0,84.0
93,15,0.0,6.5,50.0,3.0,95.0
93,16,1.0,2.0,80.0,9.0,20.0
93,17,1.0,20.0,30.0,12.5,48.0
93,18,0.0,4.0,80.0,20.0,20.0
93,19,0.0,11.0,30.0,5.0,65.0
94,0,0.0,2.0,80.0,9.0,20.0
94,1,0.0,20.0,50.0,17.0,60.0
94,2,1.0,20.0,30.0,12.5,48.0
94,3,0.0,10.0,10.0,3.0,65.0
94,4,0.0,18.5,45.0,9.0,90.0
94,5,0.0,5.25,50.0,2.0,90.0
94,6,1.0,15.0,40.0,17.5,34.0
94,7,0.0,8.0,65.0,15.0,60.0
94,8,0.0,16.0,90.0,18.0,80.0
94,9,0.0,13.0,70.0,8.0,84.0
94,10,0.0,4.0,80.0,20.0,20.0
94,11,0.0,8.5,40.0,2.5,95.0
94,12,0.0,15.0,77.0,13.75,85.0
94,13,0.0,10.25,68.0,9.5,80.0
94,14,1.0,15.0,60.0,8.0,65.0
94,15,1.0,11.0,30.0,5.0,65.0
94,16,1.0,7.0,75.0,15.5,30.0
94,17,0.0,6.5,50.0,3.0,95.0
94,18,1.0,4.0,97.0,16.0,33.0
95,0,1.0,10.25,68.0,9.5,80.0
95,1,0.0,2.0,80.0,9.0,20.0
95,2,0.0,15.0,40.0,17.5,34.0
95,3,0.0,7.0,75.0,15.5,30.0
95,4,0.0,8.0,65.0,15.0,60.0
95,5,1.0,18.5,45.0,9.0,90.0
95,6,0.0,15.0,77.0,13.75,85.0
95,7,0.0,4.0,97.0,16.0,33.0
95,8,0.0,13.0,70.0,8.0,84.0
95,9,0.0,5.25,50.0,2.0,90.0
95,10,1.0,15.0,60.0,8.0,65.0
95,11,0.0,20.0,30.0,12.5,48.0
95,12,0.0,11.0,30.0,5.0,65.0
95,13,1.0,12.0,20.0,6.0,60.0
95,14,0.0,20.0,50.0,17.0,60.0
96,0,0.0,15.0,77.0,13.75,85.0
96,1,0.0,18.5,45.0,9.0,90.0
96,2,0.0,6.5,50.0,3.0,95.0
96,3,1.0,16.0,90.0,18.0,80.0
96,4,1.0,4.0,97.0,16.0,33.0
96,5,0.0,12.0,20.0,6.0,60.0
96,6,0.0,20.0,50.0,17.0,60.0
96,7,1.0,7.0,75.0,15.5,30.0
96,8,0.0,15.0,40.0,17.5,34.0
96,9,1.0,4.0,80.0,20.0,20.0
96,10,0.0,11.0,30.0,5.0,65.0
96,11,1.0,2.0,80.0,9.0,20.0
96,12,0.0,8.0,65.0,15.0,60.0
96,13,0.0,5.25,50.0,2.0,90.0
96,14,0.0,8.5,40.0,2.5,95.0
96,15,0.0,10.25,68.0,9.5,80.0
96,16,0.0,10.0,10.0,3.0,65.0
96,17,1.0,13.0,70.0,8.0,84.0
96,18,1.0,15.0,60.0,8.0,65.0
97,0,1.0,11.0,30.0,5.0,65.0
97,1,1.0,5.25,50.0,2.0,90.0
97,2,0.0,15.0,40.0,17.5,34.0
97,3,1.0,12.0,20.0,6.0,60.0
97,4,0.0,15.0,77.0,13.75,85.0
97,5,1.0,7.0,75.0,15.5,30.0
97,6,0.0,10.25,68.0,9.5,80.0
97,7,1.0,10.0,10.0,3.0,65.0
97,8,1.0,20.0,50.0,17.0,60.0
97,9,0.0,8.0,65.0,15.0,60.0
97,10,1.0,13.0,70.0,8.0,84.0
97,11,1.0,15.0,60.0,8.0,65.0
97,12,1.0,18.5,45.0,9.0,90.0
97,13,0.0,20.0,30.0,12.5,48.0
97,14,1.0,16.0,90.0,18.0,80.0
97,15,1.0,8.5,40.0,2.5,95.0
97,16,0.0,4.0,80.0,20.0,20.0
97,17,0.0,2.0,80.0,9.0,20.0
97,18,0.0,4.0,97.0,16.0,33.0
97,19,1.0,6.5,50.0,3.0,95.0
98,0,1.0,2.0,80.0,9.0,20.0
98,1,0.0,11.0,30.0,5.0,65.0
98,2,1.0,15.0,77.0,13.75,85.0
98,3,0.0,18.5,45.0,9.0,90.0
98,4,0.0,13.0,70.0,8.0,84.0
98,5,0.0,8.5,40.0,2.5,95.0
98,6,0.0,10.25,68.0,9.5,80.0
98,7,1.0,5.25,50.0,2.0,90.0
98,8,1.0,16.0,90.0,18.0,80.0
98,9,1.0,7.0,75.0,15.5,30.0
98,10,0.0,8.0,65.0,15.0,60.0
98,11,0.0,10.0,10.0,3.0,65.0
98,12,0.0,20.0,30.0,12.5,48.0
98,13,1.0,15.0,60.0,8.0,65.0
98,14,0.0,20.0,50.0,17.0,60.0
98,15,0.0,6.5,50.0,3.0,95.0
98,16,0.0,12.0,20.0,6.0,60.0
98,17,0.0,15.0,40.0,17.5,34.0
98,18,1.0,4.0,97.0,16.0,33.0
99,0,1.0,7.0,75.0,15.5,30.0
99,1,0.0,18.5,45.0,9.0,90.0
99,2,0.0,4.0,97.0,16.0,33.0
99,3,0.0,15.0,77.0,13.75,85.0
99,4,1.0,8.5,40.0,2.5,95.0
99,5,0.0,20.0,50.0,17.0,60.0
99,6,1.0,15.0,60.0,8.0,65.0
99,7,1.0,5.25,50.0,2.0,90.0
99,8,0.0,2.0,80.0,9.0,20.0
99,9,1.0,6.5,50.0,3.0,95.0
99,10,1.0,13.0,70.0,8.0,84.0
99,11,0.0,16.0,90.0,18.0,80.0
99,12,0.0,8.0,65.0,15.0,60.0
99,13,1.0,10.0,10.0,3.0,65.0
99,14,1.0,11.0,30.0,5.0,65.0
99,15,0.0,12.0,20.0,6.0,60.0
99,16,0.0,10.25,68.0,9.5,80.0
100,0,0.0,20.0,30.0,12.5,48.0
100,1,0.0,15.0,40.0,17.5,34.0
100,2,0.0,10.0,10.0,3.0,65.0
100,3,0.0,10.25,68.0,9.5,80.0
100,4,0.0,11.0,30.0,5.0,65.0
100,5,0.0,6.5,50.0,3.0,95.0
100,6,0.0,8.5,40.0,2.5,95.0
100,7,0.0,20.0,50.0,17.0,60.0
100,8,1.0,2.0,80.0,9.0,20.0
100,9,1.0,7.0,75.0,15.5,30.0
100,10,1.0,4.0,97.0,16.0,33.0
100,11,0.0,12.0,20.0,6.0,60.0
100,12,0.0,5.25,50.0,2.0,90.0
100,13,1.0,15.0,60.0,8.0,65.0
100,14,1.0,15.0,77.0,13.75,85.0
100,15,0.0,8.0,65.0,15.0,60.0
100,16,0.0,18.5,45.0,9.0,90.0
100,17,1.0,16.0,90.0,18.0,80.0
100,18,1.0,13.0,70.0,8.0,84.0
100,19,0.0,4.0,80.0,20.0,20.0
101,0,1.0,15.0,60.0,8.0,65.0
101,1,0.0,12.0,20.0,6.0,60.0
101,2,0.0,11.0,30.0,5.0,65.0
101,3,0.0,15.0,77.0,13.75,85.0
101,4,1.0,16.0,90.0,18.0,80.0
101,5,0.0,10.25,68.0,9.5,80.0
101,6,1.0,7.0,75.0,15.5,30.0
101,7,1.0,2.0,80.0,9.0,20.0
101,8,0.0,20.0,30.0,12.5,48.0
101,9,1.0,20.0,50.0,17.0,60.0
101,10,0.0,6.5,50.0,3.0,95.0
101,11,0.0,8.5,40.0,2.5,95.0
101,12,0.0,13.0,70.0,8.0,84.0
101,13,1.0,15.0,40.0,17.5,34.0
101,14,0.0,10.0,10.0,3.0,65.0
101,15,1.0,4.0,97.0,16.0,33.0
101,16,0.0,5.25,50.0,2.0,90.0
101,17,0.0,8.0,65.0,15.0,60.0
101,18,0.0,18.5,45.0,9.0,90.0
102,0,0.0,12.0,20.0,6.0,60.0
102,1,0.0,6.5,50.0,3.0,95.0
102,2,1.0,16.0,90.0,18.0,80.0
102,3,1.0,4.0,80.0,20.0,20.0
102,4,1.0,4.0,97.0,16.0,33.0
102,5,0.0,10.25,68.0,9.5,80.0
102,6,1.0,15.0,77.0,13.75,85.0
102,7,1.0,8.5,40.0,2.5,95.0
102,8,0.0,10.0,10.0,3.0,65.0
102,9,1.0,7.0,75.0,15.5,30.0
102,10,1.0,2.0,80.0,9.0,20.0
102,11,1.0,20.0,50.0,17.0,60.0
102,12,0.0,18.5,45.0,9.0,90.0
102,13,0.0,8.0,65.0,15.0,60.0
102,14,0.0,13.0,70.0,8.0,84.0
102,15,1.0,5.25,50.0,2.0,90.0
102,16,1.0,11.0,30.0,5.0,65.0
102,17,1.0,15.0,40.0,17.5,34.0
102,18,0.0,20.0,30.0,12.5,48.0
102,19,1.0,15.0,60.0,8.0,65.0
103,0,0.0,11.0,30.0,5.0,65.0
103,1,0.0,15.0,77.0,13.75,85.0
103,2,1.0,15.0,60.0,8.0,65.0
103,3,0.0,10.25,68.0,9.5,80.0
103,4,0.0,12.0,20.0,6.0,60.0
103,5,0.0,8.5,40.0,2.5,95.0
103,6,0.0,16.0,90.0,18.0,80.0
103,7,1.0,8.0,65.0,15.0,60.0
103,8,0.0,18.5,45.0,9.0,90.0
103,9,1.0,4.0,97.0,16.0,33.0
103,10,1.0,4.0,80.0,20.0,20.0
103,11,1.0,7.0,75.0,15.5,30.0
103,12,1.0,2.0,80.0,9.0,20.0
103,13,0.0,6.5,50.0,3.0,95.0
103,14,1.0,15.0,40.0,17.5,34.0
103,15,0.0,20.0,30.0,12.5,48.0
103,16,0.0,13.0,70.0,8.0,84.0
103,17,0.0,10.0,10.0,3.0,65.0
103,18,0.0,5.25,50.0,2.0,90.0
104,0,1.0,4.0,80.0,20.0,20.0
104,1,1.0,16.0,90.0,18.0,80.0
104,2,0.0,10.25,68.0,9.5,80.0
104,3,0.0,8.5,40.0,2.5,95.0
104,4,0.0,15.0,77.0,13.75,85.0
104,5,0.0,11.0,30.0,5.0,65.0
104,6,0.0,12.0,20.0,6.0,60.0
104,7,1.0,20.0,50.0,17.0,60.0
104,8,0.0,13.0,70.0,8.0,84.0
104,9,0.0,2.0,80.0,9.0,20.0
104,10,0.0,8.0,65.0,15.0,60.0
104,11,0.0,18.5,45.0,9.0,90.0
104,12,1.0,20.0,30.0,12.5,48.0
104,13,0.0,5.25,50.0,2.0,90.0
104,14,1.0,4.0,97.0,16.0,33.0
104,15,1.0,15.0,40.0,17.5,34.0
104,16,1.0,10.0,10.0,3.0,65.0
104,17,1.0,6.5,50.0,3.0,95.0
104,18,1.0,7.0,75.0,15.5,30.0
104,19,1.0,15.0,60.0,8.0,65.0
105,0,1.0,4.0,97.0,16.0,33.0
105,1,1.0,10.25,68.0,9.5,80.0
105,2,0.0,15.0,77.0,13.75,85.0
105,3,1.0,20.0,50.0,17.0,60.0
105,4,0.0,18.5,45.0,9.0,90.0
105,5,1.0,2.0,80.0,9.0,20.0
105,6,1.0,11.0,30.0,5.0,65.0
105,7,1.0,10.0,10.0,3.0,65.0
105,8,0.0,16.0,90.0,18.0,80.0
105,9,1.0,12.0,20.0,6.0,60.0
105,10,0.0,8.5,40.0,2.5,95.0
105,11,1.0,13.0,70.0,8.0,84.0
105,12,0.0,7.0,75.0,15.5,30.0
105,13,1.0,15.0,60.0,8.0,65.0
105,14,1.0,6.5,50.0,3.0,95.0
105,15,0.0,8.0,65.0,15.0,60.0
105,16,0.0,15.0,40.0,17.5,34.0
105,17,1.0,20.0,30.0,12.5,48.0
105,18,1.0,5.25,50.0,2.0,90.0
105,19,0.0,4.0,80.0,20.0,20.0
106,0,1.0,15.0,60.0,8.0,65.0
106,1,0.0,11.0,30.0,5.0,65.0
106,2,1.0,8.5,40.0,2.5,95.0
106,3,1.0,20.0,30.0,12.5,48.0
106,4,0.0,10.25,68.0,9.5,80.0
106,5,1.0,18.5,45.0,9.0,90.0
106,6,1.0,13.0,70.0,8.0,84.0
106,7,1.0,5.25,50.0,2.0,90.0
106,8,0.0,20.0,50.0,17.0,60.0
106,9,1.0,15.0,40.0,17.5,34.0
106,10,1.0,6.5,50.0,3.0,95.0
106,11,0.0,4.0,80.0,20.0,20.0
106,12,0.0,7.0,75.0,15.5,30.0
106,13,0.0,8.0,65.0,15.0,60.0
106,14,0.0,4.0,97.0,16.0,33.0
106,15,0.0,12.0,20.0,6.0,60.0
106,16,0.0,10.0,10.0,3.0,65.0
106,17,0.0,2.0,80.0,9.0,20.0
106,18,1.0,16.0,90.0,18.0,80.0
106,19,0.0,15.0,77.0,13.75,85.0
107,0,0.0,10.0,10.0,3.0,65.0
107,1,1.0,4.0,97.0,16.0,33.0
107,2,0.0,20.0,30.0,12.5,48.0
107,3,1.0,4.0,80.0,20.0,20.0
107,4,0.0,18.5,45.0,9.0,90.0
107,5,0.0,11.0,30.0,5.0,65.0
107,6,1.0,15.0,60.0,8.0,65.0
107,7,0.0,10.25,68.0,9.5,80.0
107,8,0.0,20.0,50.0,17.0,60.0
107,9,1.0,7.0,75.0,15.5,30.0
107,10,1.0,13.0,70.0,8.0,84.0
107,11,1.0,16.0,90.0,18.0,80.0
107,12,0.0,15.0,77.0,13.75,85.0
107,13,1.0,2.0,80.0,9.0,20.0
107,14,0.0,12.0,20.0,6.0,60.0
107,15,0.0,8.5,40.0,2.5,95.0
107,16,0.0,5.25,50.0,2.0,90.0
107,17,0.0,8.0,65.0,15.0,60.0
107,18,1.0,15.0,40.0,17.5,34.0
107,19,0.0,6.5,50.0,3.0,95.0
108,0,1.0,20.0,30.0,12.5,48.0
108,1,1.0,2.0,80.0,9.0,20.0
108,2,0.0,10.0,10.0,3.0,65.0
108,3,1.0,15.0,40.0,17.5,34.0
108,4,1.0,15.0,77.0,13.75,85.0
108,5,1.0,4.0,80.0,20.0,20.0
108,6,1.0,4.0,97.0,16.0,33.0
108,7,0.0,12.0,20.0,6.0,60.0
108,8,0.0,11.0,30.0,5.0,65.0
108,9,1.0,13.0,70.0,8.0,84.0
108,10,0.0,6.5,50.0,3.0,95.0
108,11,0.0,8.0,65.0,15.0,60.0
108,12,1.0,15.0,60.0,8.0,65.0
108,13,0.0,18.5,45.0,9.0,90.0
108,14,0.0,8.5,40.0,2.5,95.0
108,15,1.0,7.0,75.0,15.5,30.0
108,16,1.0,5.25,50.0,2.0,90.0
108,17,0.0,16.0,90.0,18.0,80.0
108,18,1.0,20.0,50.0,17.0,60.0
109,0,1.0,18.5,45.0,9.0,90.0
109,1,0.0,15.0,40.0,17.5,34.0
109,2,0.0,8.0,65.0,15.0,60.0
109,3,1.0,4.0,97.0,16.0,33.0
109,4,1.0,8.5,40.0,2.5,95.0
109,5,1.0,7.0,75.0,15.5,30.0
109,6,1.0,20.0,30.0,12.5,48.0
109,7,0.0,20.0,50.0,17.0,60.0
109,8,0.0,6.5,50.0,3.0,95.0
109,9,1.0,2.0,80.0,9.0,20.0
109,10,1.0,12.0,20.0,6.0,60.0
109,11,1.0,11.0,30.0,5.0,65.0
109,12,1.0,16.0,90.0,18.0,80.0
109,13,0.0,15.0,77.0,13.75,85.0
109,14,1.0,13.0,70.0,8.0,84.0
109,15,1.0,5.25,50.0,2.0,90.0
109,16,1.0,15.0,60.0,8.0,65.0
109,17,0.0,10.25,68.0,9.5,80.0
110,0,0.0,8.5,40.0,2.5,95.0
110,1,1.0,15.0,40.0,17.5,34.0
110,2,0.0,5.25,50.0,2.0,90.0
110,3,0.0,10.0,10.0,3.0,65.0
110,4,0.0,18.5,45.0,9.0,90.0
110,5,1.0,20.0,30.0,12.5,48.0
110,6,0.0,8.0,65.0,15.0,60.0
110,7,0.0,10.25,68.0,9.5,80.0
110,8,1.0,4.0,80.0,20.0,20.0
110,9,1.0,4.0,97.0,16.0,33.0
110,10,0.0,20.0,50.0,17.0,60.0
110,11,1.0,15.0,60.0,8.0,65.0
110,12,1.0,2.0,80.0,9.0,20.0
110,13,0.0,15.0,77.0,13.75,85.0
110,14,0.0,12.0,20.0,6.0,60.0
110,15,0.0,13.0,70.0,8.0,84.0
110,16,0.0,11.0,30.0,5.0,65.0
111,0,1.0,4.0,80.0,20.0,20.0
111,1,1.0,2.0,80.0,9.0,20.0
111,2,0.0,8.5,40.0,2.5,95.0
111,3,0.0,10.0,10.0,3.0,65.0
111,4,1.0,15.0,60.0,8.0,65.0
111,5,1.0,20.0,50.0,17.0,60.0
111,6,0.0,8.0,65.0,15.0,60.0
111,7,1.0,15.0,40.0,17.5,34.0
111,8,0.0,18.5,45.0,9.0,90.0
111,9,0.0,7.0,75.0,15.5,30.0
111,10,1.0,15.0,77.0,13.75,85.0
111,11,1.0,11.0,30.0,5.0,65.0
111,12,0.0,12.0,20.0,6.0,60.0
111,13,0.0,20.0,30.0,12.5,48.0
111,14,1.0,13.0,70.0,8.0,84.0
111,15,0.0,10.25,68.0,9.5,80.0
111,16,1.0,4.0,97.0,16.0,33.0
111,17,1.0,5.25,50.0,2.0,90.0
111,18,1.0,16.0,90.0,18.0,80.0
111,19,0.0,6.5,50.0,3.0,95.0
112,0,1.0,16.0,90.0,18.0,80.0
112,1,0.0,13.0,70.0,8.0,84.0
112,2,0.0,15.0,40.0,17.5,34.0
112,3,0.0,7.0,75.0,15.5,30.0
112,4,1.0,15.0,77.0,13.75,85.0
112,5,1.0,15.0,60.0,8.0,65.0
112,6,1.0,18.5,45.0,9.0,90.0
112,7,0.0,2.0,80.0,9.0,20.0
112,8,0.0,20.0,50.0,17.0,60.0
112,9,1.0,10.25,68.0,9.5,80.0
112,10,0.0,6.5,50.0,3.0,95.0
112,11,1.0,10.0,10.0,3.0,65.0
112,12,0.0,12.0,20.0,6.0,60.0
112,13,1.0,8.5,40.0,2.5,95.0
112,14,0.0,4.0,80.0,20.0,20.0
112,15,1.0,11.0,30.0,5.0,65.0
112,16,0.0,20.0,30.0,12.5,48.0
112,17,1.0,5.25,50.0,2.0,90.0
112,18,0.0,4.0,97.0,16.0,33.0
112,19,0.0,8.0,65.0,15.0,60.0
113,0,1.0,5.25,50.0,2.0,90.0
113,1,0.0,10.25,68.0,9.5,80.0
113,2,1.0,13.0,70.0,8.0,84.0
113,3,0.0,20.0,50.0,17.0,60.0
113,4,0.0,8.0,65.0,15.0,60.0
113,5,0.0,6.5,50.0,3.0,95.0
113,6,1.0,2.0,80.0,9.0,20.0
113,7,0.0,18.5,45.0,9.0,90.0
113,8,0.0,15.0,77.0,13.75,85.0
113,9,1.0,15.0,60.0,8.0,65.0
113,10,1.0,8.5,40.0,2.5,95.0
113,11,0.0,10.0,10.0,3.0,65.0
113,12,0.0,16.0,90.0,18.0,80.0
113,13,0.0,4.0,80.0,20.0,20.0
113,14,0.0,12.0,20.0,6.0,60.0
113,15,0.0,20.0,30.0,12.5,48.0
113,16,0.0,11.0,30.0,5.0,65.0
113,17,1.0,15.0,40.0,17.5,34.0
113,18,1.0,7.0,75.0,15.5,30.0
114,0,0.0,18.5,45.0,9.0,90.0
114,1,0.0,6.5,50.0,3.0,95.0
114,2,1.0,20.0,30.0,12.5,48.0
114,3,1.0,13.0,70.0,8.0,84.0
114,4,0.0,15.0,40.0,17.5,34.0
114,5,0.0,8.0,65.0,15.0,60.0
114,6,1.0,2.0,80.0,9.0,20.0
114,7,0.0,15.0,77.0,13.75,85.0
114,8,1.0,20.0,50.0,17.0,60.0
114,9,0.0,11.0,30.0,5.0,65.0
114,10,0.0,10.25,68.0,9.5,80.0
114,11,0.0,10.0,10.0,3.0,65.0
114,12,0.0,12.0,20.0,6.0,60.0
114,13,1.0,15.0,60.0,8.0,65.0
114,14,0.0,8.5,40.0,2.5,95.0
114,15,1.0,4.0,80.0,20.0,20.0
114,16,0.0,5.25,50.0,2.0,90.0
114,17,1.0,4.0,97.0,16.0,33.0
114,18,0.0,16.0,90.0,18.0,80.0
114,19,1.0,7.0,75.0,15.5,30.0
115,0,1.0,5.25,50.0,2.0,90.0
115,1,0.0,4.0,97.0,16.0,33.0
115,2,1.0,6.5,50.0,3.0,95.0
115,3,0.0,4.0,80.0,20.0,20.0
115,4,0.0,16.0,90.0,18.0,80.0
115,5,0.0,10.25,68.0,9.5,80.0
115,6,0.0,15.0,40.0,17.5,34.0
115,7,1.0,13.0,70.0,8.0,84.0
115,8,1.0,12.0,20.0,6.0,60.0
115,9,1.0,20.0,30.0,12.5,48.0
115,10,1.0,18.5,45.0,9.0,90.0
115,11,1.0,8.5,40.0,2.5,95.0
115,12,1.0,11.0,30.0,5.0,65.0
115,13,1.0,20.0,50.0,17.0,60.0
115,14,0.0,8.0,65.0,15.0,60.0
115,15,1.0,10.0,10.0,3.0,65.0
115,16,0.0,15.0,77.0,13.75,85.0
115,17,0.0,2.0,80.0,9.0,20.0
115,18,1.0,15.0,60.0,8.0,65.0
115,19,0.0,7.0,75.0,15.5,30.0
116,0,0.0,7.0,75.0,15.5,30.0
116,1,0.0,10.0,10.0,3.0,65.0
116,2,0.0,4.0,80.0,20.0,20.0
116,3,1.0,11.0,30.0,5.0,65.0
116,4,0.0,20.0,50.0,17.0,60.0
116,5,0.0,16.0,90.0,18.0,80.0
116,6,1.0,13.0,70.0,8.0,84.0
116,7,1.0,8.5,40.0,2.5,95.0
116,8,0.0,10.25,68.0,9.5,80.0
116,9,1.0,20.0,30.0,12.5,48.0
116,10,0.0,8.0,65.0,15.0,60.0
116,11,1.0,15.0,60.0,8.0,65.0
116,12,1.0,5.25,50.0,2.0,90.0
116,13,1.0,12.0,20.0,6.0,60.0
116,14,0.0,4.0,97.0,16.0,33.0
116,15,0.0,15.0,40.0,17.5,34.0
116,16,0.0,15.0,77.0,13.75,85.0
116,17,0.0,18.5,45.0,9.0,90.0
117,0,0.0,20.0,50.0,17.0,60.0
117,1,1.0,15.0,60.0,8.0,65.0
117,2,0.0,18.5,45.0,9.0,90.0
117,3,0.0,16.0,90.0,18.0,80.0
117,4,0.0,10.25,68.0,9.5,80.0
117,5,0.0,10.0,10.0,3.0,65.0
117,6,0.0,11.0,30.0,5.0,65.0
117,7,1.0,4.0,97.0,16.0,33.0
117,8,1.0,15.0,40.0,17.5,34.0
117,9,0.0,5.25,50.0,2.0,90.0
117,10,1.0,4.0,80.0,20.0,20.0
117,11,1.0,20.0,30.0,12.5,48.0
117,12,1.0,7.0,75.0,15.5,30.0
117,13,0.0,8.5,40.0,2.5,95.0
117,14,0.0,6.5,50.0,3.0,95.0
117,15,1.0,15.0,77.0,13.75,85.0
117,16,0.0,12.0,20.0,6.0,60.0
118,0,1.0,20.0,50.0,17.0,60.0
118,1,0.0,8.0,65.0,15.0,60.0
118,2,0.0,18.5,45.0,9.0,90.0
118,3,1.0,2.0,80.0,9.0,20.0
118,4,0.0,15.0,40.0,17.5,34.0
118,5,0.0,11.0,30.0,5.0,65.0
118,6,0.0,20.0,30.0,12.5,48.0
118,7,0.0,15.0,77.0,13.75,85.0
118,8,1.0,4.0,80.0,20.0,20.0
118,9,0.0,5.25,50.0,2.0,90.0
118,10,1.0,7.0,75.0,15.5,30.0
118,11,0.0,13.0,70.0,8.0,84.0
118,12,0.0,8.5,40.0,2.5,95.0
118,13,0.0,10.0,10.0,3.0,65.0
118,14,0.0,10.25,68.0,9.5,80.0
118,15,0.0,16.0,90.0,18.0,80.0
118,16,0.0,15.0,60.0,8.0,65.0
118,17,0.0,12.0,20.0,6.0,60.0
118,18,1.0,4.0,97.0,16.0,33.0
118,19,0.0,6.5,50.0,3.0,95.0
119,0,0.0,7.0,75.0,15.5,30.0
119,1,0.0,8.0,65.0,15.0,60.0
119,2,1.0,15.0,60.0,8.0,65.0
119,3,1.0,10.0,10.0,3.0,65.0
119,4,1.0,8.5,40.0,2.5,95.0
119,5,0.0,15.0,40.0,17.5,34.0
119,6,0.0,4.0,80.0,20.0,20.0
119,7,0.0,10.25,68.0,9.5,80.0
119,8,1.0,4.0,97.0,16.0,33.0
119,9,1.0,5.25,50.0,2.0,90.0
119,10,1.0,6.5,50.0,3.0,95.0
119,11,0.0,12.0,20.0,6.0,60.0
119,12,1.0,18.5,45.0,9.0,90.0
119,13,0.0,20.0,30.0,12.5,48.0
119,14,0.0,2.0,80.0,9.0,20.0
119,15,1.0,11.0,30.0,5.0,65.0
119,16,0.0,20.0,50.0,17.0,60.0
119,17,0.0,15.0,77.0,13.75,85.0
120,0,0.0,5.25,50.0,2.0,90.0
120,1,1.0,20.0,30.0,12.5,48.0
120,2,0.0,20.0,50.0,17.0,60.0
120,3,0.0,11.0,30.0,5.0,65.0
120,4,0.0,8.5,40.0,2.5,95.0
120,5,1.0,10.25,68.0,9.5,80.0
120,6,0.0,15.0,77.0,13.75,85.0
120,7,1.0,4.0,97.0,16.0,33.0
120,8,0.0,4.0,80.0,20.0,20.0
120,9,0.0,15.0,40.0,17.5,34.0
120,10,1.0,15.0,60.0,8.0,65.0
120,11,0.0,10.0,10.0,3.0,65.0
120,12,1.0,13.0,70.0,8.0,84.0
120,13,1.0,16.0,90.0,18.0,80.0
120,14,0.0,12.0,20.0,6.0,60.0
120,15,0.0,18.5,45.0,9.0,90.0
120,16,0.0,8.0,65.0,15.0,60.0
120,17,0.0,7.0,75.0,15.5,30.0
120,18,1.0,6.5,50.0,3.0,95.0
120,19,1.0,2.0,80.0,9.0,20.0
121,0,1.0,16.0,90.0,18.0,80.0
121,1,0.0,20.0,30.0,12.5,48.0
121,2,0.0,4.0,97.0,16.0,33.0
121,3,0.0,20.0,50.0,17.0,60.0
121,4,1.0,15.0,40.0,17.5,34.0
121,5,1.0,4.0,80.0,20.0,20.0
121,6,1.0,5.25,50.0,2.0,90.0
121,7,0.0,10.0,10.0,3.0,65.0
121,8,1.0,2.0,80.0,9.0,20.0
121,9,0.0,18.5,45.0,9.0,90.0
121,10,1.0,15.0,77.0,13.75,85.0
121,11,0.0,10.25,68.0,9.5,80.0
121,12,0.0,11.0,30.0,5.0,65.0
121,13,1.0,15.0,60.0,8.0,65.0
121,14,0.0,8.0,65.0,15.0,60.0
121,15,0.0,6.5,50.0,3.0,95.0
121,16,1.0,13.0,70.0,8.0,84.0
121,17,1.0,7.0,75.0,15.5,30.0
121,18,0.0,8.5,40.0,2.5,95.0
121,19,0.0,12.0,20.0,6.0,60.0
122,0,1.0,7.0,75.0,15.5,30.0
122,1,1.0,10.0,10.0,3.0,65.0
122,2,0.0,4.0,80.0,20.0,20.0
122,3,0.0,6.5,50.0,3.0,95.0
122,4,0.0,8.0,65.0,15.0,60.0
122,5,1.0,13.0,70.0,8.0,84.0
122,6,0.0,10.25,68.0,9.5,80.0
122,7,1.0,18.5,45.0,9.0,90.0
122,8,1.0,15.0,77.0,13.75,85.0
122,9,1.0,15.0,40.0,17.5,34.0
122,10,0.0,12.0,20.0,6.0,60.0
122,11,0.0,11.0,30.0,5.0,65.0
122,12,0.0,4.0,97.0,16.0,33.0
122,13,0.0,2.0,80.0,9.0,20.0
122,14,0.0,20.0,50.0,17.0,60.0
122,15,1.0,15.0,60.0,8.0,65.0
122,16,0.0,5.25,50.0,2.0,90.0
122,17,0.0,8.5,40.0,2.5,95.0
122,18,1.0,20.0,30.0,12.5,48.0
122,19,0.0,16.0,90.0,18.0,80.0
123,0,1.0,7.0,75.0,15.5,30.0
123,1,0.0,11.0,30.0,5.0,65.0
123,2,0.0,15.0,77.0,13.75,85.0
123,3,1.0,10.25,68.0,9.5,80.0
123,4,0.0,18.5,45.0,9.0,90.0
123,5,0.0,4.0,97.0,16.0,33.0
123,6,0.0,20.0,30.0,12.5,48.0
123,7,0.0,12.0,20.0,6.0,60.0
123,8,1.0,8.0,65.0,15.0,60.0
123,9,0.0,8.5,40.0,2.5,95.0
123,10,0.0,20.0,50.0,17.0,60.0
123,11,1.0,2.0,80.0,9.0,20.0
123,12,0.0,15.0,60.0,8.0,65.0
123,13,0.0,13.0,70.0,8.0,84.0
123,14,1.0,15.0,40.0,17.5,34.0
123,15,0.0,5.25,50.0,2.0,90.0
123,16,0.0,16.0,90.0,18.0,80.0
123,17,0.0,6.5,50.0,3.0,95.0
124,0,0.0,4.0,80.0,20.0,20.0
124,1,0.0,12.0,20.0,6.0,60.0
124,2,1.0,2.0,80.0,9.0,20.0
124,3,0.0,20.0,50.0,17.0,60.0
124,4,1.0,5.25,50.0,2.0,90.0
124,5,0.0,10.0,10.0,3.0,65.0
124,6,1.0,13.0,70.0,8.0,84.0
124,7,1.0,4.0,97.0,16.0,33.0
124,8,1.0,6.5,50.0,3.0,95.0
124,9,1.0,15.0,60.0,8.0,65.0
124,10,0.0,18.5,45.0,9.0,90.0
124,11,0.0,8.5,40.0,2.5,95.0
124,12,1.0,15.0,40.0,17.5,34.0
124,13,1.0,11.0,30.0,5.0,65.0
124,14,1.0,16.0,90.0,18.0,80.0
125,0,0.0,12.0,20.0,6.0,60.0
125,1,1.0,4.0,80.0,20.0,20.0
125,2,1.0,15.0,60.0,8.0,65.0
125,3,0.0,5.25,50.0,2.0,90.0
125,4,0.0,6.5,50.0,3.0,95.0
125,5,1.0,7.0,75.0,15.5,30.0
125,6,0.0,20.0,50.0,17.0,60.0
125,7,1.0,8.0,65.0,15.0,60.0
125,8,0.0,8.5,40.0,2.5,95.0
125,9,1.0,20.0,30.0,12.5,48.0
125,10,0.0,10.25,68.0,9.5,80.0
125,11,0.0,15.0,77.0,13.75,85.0
125,12,0.0,18.5,45.0,9.0,90.0
125,13,1.0,13.0,70.0,8.0,84.0
125,14,0.0,11.0,30.0,5.0,65.0
125,15,1.0,2.0,80.0,9.0,20.0
125,16,0.0,15.0,40.0,17.5,34.0
125,17,0.0,16.0,90.0,18.0,80.0
125,18,0.0,10.0,10.0,3.0,65.0
126,0,0.0,5.25,50.0,2.0,90.0
126,1,0.0,6.5,50.0,3.0,95.0
126,2,0.0,4.0,80.0,20.0,20.0
126,3,1.0,20.0,50.0,17.0,60.0
126,4,0.0,7.0,75.0,15.5,30.0
126,5,0.0,15.0,77.0,13.75,85.0
126,6,0.0,16.0,90.0,18.0,80.0
126,7,1.0,10.25,68.0,9.5,80.0
126,8,1.0,13.0,70.0,8.0,84.0
126,9,1.0,10.0,10.0,3.0,65.0
126,10,0.0,2.0,80.0,9.0,20.0
126,11,1.0,8.0,65.0,15.0,60.0
126,12,1.0,8.5,40.0,2.5,95.0
126,13,0.0,4.0,97.0,16.0,33.0
126,14,0.0,18.5,45.0,9.0,90.0
126,15,1.0,15.0,60.0,8.0,65.0
127,0,1.0,18.5,45.0,9.0,90.0
127,1,0.0,11.0,30.0,5.0,65.0
127,2,0.0,10.0,10.0,3.0,65.0
127,3,1.0,4.0,80.0,20.0,20.0
127,4,1.0,2.0,80.0,9.0,20.0
127,5,0.0,10.25,68.0,9.5,80.0
127,6,1.0,15.0,40.0,17.5,34.0
127,7,0.0,4.0,97.0,16.0,33.0
127,8,0.0,15.0,77.0,13.75,85.0
127,9,0.0,8.5,40.0,2.5,95.0
127,10,1.0,7.0,75.0,15.5,30.0
127,11,1.0,15.0,60.0,8.0,65.0
127,12,0.0,5.25,50.0,2.0,90.0
127,13,1.0,13.0,70.0,8.0,84.0
127,14,0.0,8.0,65.0,15.0,60.0
127,15,0.0,12.0,20.0,6.0,60.0
127,16,0.0,20.0,50.0,17.0,60.0
127,17,1.0,20.0,30.0,12.5,48.0
127,18,0.0,6.5,50.0,3.0,95.0
127,19,1.0,16.0,90.0,18.0,80.0
128,0,1.0,7.0,75.0,15.5,30.0
128,1,0.0,16.0,90.0,18.0,80.0
128,2,0.0,15.0,77.0,13.75,85.0
128,3,0.0,6.5,50.0,3.0,95.0
128,4,1.0,18.5,45.0,9.0,90.0
128,5,0.0,20.0,50.0,17.0,60.0
128,6,0.0,8.5,40.0,2.5,95.0
128,7,1.0,2.0,80.0,9.0,20.0
128,8,0.0,10.25,68.0,9.5,80.0
128,9,1.0,15.0,40.0,17.5,34.0
128,10,0.0,11.0,30.0,5.0,65.0
128,11,1.0,4.0,80.0,20.0,20.0
128,12,1.0,13.0,70.0,8.0,84.0
128,13,0.0,8.0,65.0,15.0,60.0
128,14,0.0,10.0,10.0,3.0,65.0
128,15,1.0,12.0,20.0,6.0,60.0
128,16,1.0,15.0,60.0,8.0,65.0
128,17,0.0,20.0,30.0,12.5,48.0
128,18,1.0,4.0,97.0,16.0,33.0
128,19,0.0,5.25,50.0,2.0,90.0
129,0,1.0,2.0,80.0,9.0,20.0
129,1,1.0,4.0,97.0,16.0,33.0
129,2,0.0,4.0,80.0,20.0,20.0
129,3,0.0,10.0,10.0,3.0,65.0
129,4,0.0,6.5,50.0,3.0,95.0
129,5,0.0,10.25,68.0,9.5,80.0
129,6,0.0,18.5,45.0,9.0,90.0
129,7,0.0,5.25,50.0,2.0,90.0
129,8,1.0,20.0,50.0,17.0,60.0
129,9,0.0,15.0,40.0,17.5,34.0
129,10,0.0,20.0,30.0,12.5,48.0
129,11,0.0,8.5,40.0,2.5,95.0
129,12,0.0,15.0,77.0,13.75,85.0
129,13,0.0,11.0,30.0,5.0,65.0
129,14,1.0,7.0,75.0,15.5,30.0
129,15,0.0,8.0,65.0,15.0,60.0
129,16,0.0,12.0,20.0,6.0,60.0
129,17,1.0,15.0,60.0,8.0,65.0
129,18,0.0,13.0,70.0,8.0,84.0
129,19,1.0,16.0,90.0,18.0,80.0
130,0,0.0,20.0,50.0,17.0,60.0
130,1,1.0,15.0,40.0,17.5,34.0
130,2,1.0,15.0,60.0,8.0,65.0
130,3,1.0,8.0,65.0,15.0,60.0
130,4,0.0,12.0,20.0,6.0,60.0
130,5,1.0,2.0,80.0,9.0,20.0
130,6,0.0,11.0,30.0,5.0,65.0
130,7,0.0,15.0,77.0,13.75,85.0
130,8,0.0,13.0,70.0,8.0,84.0
130,9,0.0,10.25,68.0,9.5,80.0
130,10,0.0,16.0,90.0,18.0,80.0
130,11,0.0,6.5,50.0,3.0,95.0
130,12,0.0,10.0,10.0,3.0,65.0
130,13,0.0,8.5,40.0,2.5,95.0
130,14,0.0,18.5,45.0,9.0,90.0
130,15,0.0,5.25,50.0,2.0,90.0
130,16,0.0,20.0,30.0,12.5,48.0
130,17,1.0,4.0,97.0,16.0,33.0
130,18,1.0,4.0,80.0,20.0,20.0
130,19,1.0,7.0,75.0,15.5,30.0
131,0,1.0,13.0,70.0,8.0,84.0
131,1,1.0,11.0,30.0,5.0,65.0
131,2,1.0,18.5,45.0,9.0,90.0
131,3,0.0,8.0,65.0,15.0,60.0
131,4,1.0,12.0,20.0,6.0,60.0
131,5,1.0,6.5,50.0,3.0,95.0
131,6,1.0,20.0,30.0,12.5,48.0
131,7,0.0,7.0,75.0,15.5,30.0
131,8,1.0,10.25,68.0,9.5,80.0
131,9,1.0,10.0,10.0,3.0,65.0
131,10,1.0,15.0,77.0,13.75,85.0
131,11,0.0,16.0,90.0,18.0,80.0
131,12,0.0,4.0,80.0,20.0,20.0
131,13,1.0,8.5,40.0,2.5,95.0
131,14,1.0,5.25,50.0,2.0,90.0
131,15,0.0,4.0,97.0,16.0,33.0
131,16,0.0,15.0,40.0,17.5,34.0
131,17,1.0,15.0,60.0,8.0,65.0
131,18,0.0,2.0,80.0,9.0,20.0
131,19,1.0,20.0,50.0,17.0,60.0
132,0,1.0,13.0,70.0,8.0,84.0
132,1,0.0,10.25,68.0,9.5,80.0
132,2,0.0,20.0,50.0,17.0,60.0
132,3,1.0,7.0,75.0,15.5,30.0
132,4,0.0,8.0,65.0,15.0,60.0
132,5,1.0,20.0,30.0,12.5,48.0
132,6,0.0,18.5,45.0,9.0,90.0
132,7,1.0,4.0,97.0,16.0,33.0
132,8,0.0,4.0,80.0,20.0,20.0
132,9,0.0,11.0,30.0,5.0,65.0
132,10,1.0,8.5,40.0,2.5,95.0
132,11,0.0,6.5,50.0,3.0,95.0
132,12,1.0,2.0,80.0,9.0,20.0
132,13,0.0,12.0,20.0,6.0,60.0
132,14,1.0,10.0,10.0,3.0,65.0
132,15,1.0,16.0,90.0,18.0,80.0
132,16,1.0,5.25,50.0,2.0,90.0
132,17,1.0,15.0,77.0,13.75,85.0
133,0,0.0,15.0,40.0,17.5,34.0
133,1,1.0,10.0,10.0,3.0,65.0
133,2,0.0,10.25,68.0,9.5,80.0
133,3,1.0,11.0,30.0,5.0,65.0
133,4,0.0,20.0,50.0,17.0,60.0
133,5,1.0,20.0,30.0,12.5,48.0
133,6,1.0,15.0,60.0,8.0,65.0
133,7,0.0,4.0,97.0,16.0,33.0
133,8,1.0,13.0,70.0,8.0,84.0
133,9,1.0,12.0,20.0,6.0,60.0
133,10,1.0,15.0,77.0,13.75,85.0
133,11,0.0,7.0,75.0,15.5,30.0
133,12,1.0,18.5,45.0,9.0,90.0
133,13,0.0,16.0,90.0,18.0,80.0
133,14,1.0,8.5,40.0,2.5,95.0
133,15,1.0,5.25,50.0,2.0,90.0
133,16,0.0,8.0,65.0,15.0,60.0
133,17,1.0,6.5,50.0,3.0,95.0
133,18,0.0,2.0,80.0,9.0,20.0
133,19,0.0,4.0,80.0,20.0,20.0
134,0,1.0,16.0,90.0,18.0,80.0
134,1,1.0,4.0,97.0,16.0,33.0
134,2,0.0,15.0,77.0,13.75,85.0
134,3,1.0,7.0,75.0,15.5,30.0
134,4,1.0,2.0,80.0,9.0,20.0
134,5,0.0,8.5,40.0,2.5,95.0
134,6,1.0,13.0,70.0,8.0,84.0
134,7,1.0,5.25,50.0,2.0,90.0
134,8,0.0,11.0,30.0,5.0,65.0
134,9,1.0,6.5,50.0,3.0,95.0
134,10,1.0,15.0,40.0,17.5,34.0
134,11,0.0,10.0,10.0,3.0,65.0
134,12,0.0,10.25,68.0,9.5,80.0
134,13,0.0,12.0,20.0,6.0,60.0
134,14,1.0,4.0,80.0,20.0,20.0
134,15,1.0,20.0,50.0,17.0,60.0
134,16,0.0,18.5,45.0,9.0,90.0
134,17,1.0,15.0,60.0,8.0,65.0
134,18,0.0,8.0,65.0,15.0,60.0
134,19,0.0,20.0,30.0,12.5,48.0
135,0,0.0,10.0,10.0,3.0,65.0
135,1,1.0,4.0,97.0,16.0,33.0
135,2,1.0,15.0,60.0,8.0,65.0
135,3,0.0,6.5,50.0,3.0,95.0
135,4,0.0,18.5,45.0,9.0,90.0
135,5,1.0,15.0,77.0,13.75,85.0
135,6,0.0,15.0,40.0,17.5,34.0
135,7,1.0,2.0,80.0,9.0,20.0
135,8,0.0,16.0,90.0,18.0,80.0
135,9,0.0,12.0,20.0,6.0,60.0
135,10,0.0,20.0,50.0,17.0,60.0
135,11,0.0,13.0,70.0,8.0,84.0
135,12,0.0,5.25,50.0,2.0,90.0
135,13,0.0,10.25,68.0,9.5,80.0
135,14,0.0,20.0,30.0,12.5,48.0
135,15,0.0,8.0,65.0,15.0,60.0
135,16,1.0,7.0,75.0,15.5,30.0
135,17,1.0,4.0,80.0,20.0,20.0
135,18,0.0,11.0,30.0,5.0,65.0
135,19,0.0,8.5,40.0,2.5,95.0
136,0,1.0,16.0,90.0,18.0,80.0
136,1,1.0,20.0,30.0,12.5,48.0
136,2,0.0,8.0,65.0,15.0,60.0
136,3,0.0,18.5,45.0,9.0,90.0
136,4,1.0,5.25,50.0,2.0,90.0
136,5,0.0,2.0,80.0,9.0,20.0
136,6,1.0,15.0,60.0,8.0,65.0
136,7,0.0,10.25,68.0,9.5,80.0
136,8,1.0,4.0,97.0,16.0,33.0
136,9,0.0,15.0,77.0,13.75,85.0
136,10,0.0,12.0,20.0,6.0,60.0
136,11,0.0,10.0,10.0,3.0,65.0
136,12,1.0,13.0,70.0,8.0,84.0
136,13,1.0,15.0,40.0,17.5,34.0
136,14,0.0,4.0,80.0,20.0,20.0
136,15,0.0,11.0,30.0,5.0,65.0
136,16,1.0,7.0,75.0,15.5,30.0
136,17,0.0,6.5,50.0,3.0,95.0
136,18,0.0,8.5,40.0,2.5,95.0
137,0,1.0,15.0,40.0,17.5,34.0
137,1,0.0,12.0,20.0,6.0,60.0
137,2,0.0,5.25,50.0,2.0,90.0
137,3,1.0,4.0,80.0,20.0,20.0
137,4,1.0,7.0,75.0,15.5,30.0
137,5,0.0,15.0,77.0,13.75,85.0
137,6,1.0,2.0,80.0,9.0,20.0
137,7,1.0,16.0,90.0,18.0,80.0
137,8,0.0,18.5,45.0,9.0,90.0
137,9,0.0,13.0,70.0,8.0,84.0
137,10,0.0,11.0,30.0,5.0,65.0
137,11,0.0,8.0,65.0,15.0,60.0
137,12,0.0,6.5,50.0,3.0,95.0
137,13,0.0,10.25,68.0,9.5,80.0
137,14,0.0,10.0,10.0,3.0,65.0
137,15,0.0,20.0,30.0,12.5,48.0
137,16,1.0,15.0,60.0,8.0,65.0
137,17,1.0,4.0,97.0,16.0,33.0
137,18,0.0,8.5,40.0,2.5,95.0
137,19,0.0,20.0,50.0,17.0,60.0
138,0,0.0,8.0,65.0,15.0,60.0
138,1,0.0,10.25,68.0,9.5,80.0
138,2,0.0,20.0,30.0,12.5,48.0
138,3,1.0,16.0,90.0,18.0,80.0
138,4,1.0,15.0,40.0,17.5,34.0
138,5,1.0,4.0,97.0,16.0,33.0
138,6,1.0,5.25,50.0,2.0,90.0
138,7,1.0,18.5,45.0,9.0,90.0
138,8,0.0,6.5,50.0,3.0,95.0
138,9,0.0,11.0,30.0,5.0,65.0
138,10,1.0,4.0,80.0,20.0,20.0
138,11,1.0,15.0,60.0,8.0,65.0
138,12,0.0,12.0,20.0,6.0,60.0
138,13,1.0,7.0,75.0,15.5,30.0
138,14,0.0,20.0,50.0,17.0,60.0
138,15,1.0,2.0,80.0,9.0,20.0
138,16,0.0,13.0,70.0,8.0,84.0
138,17,1.0,15.0,77.0,13.75,85.0
138,18,0.0,10.0,10.0,3.0,65.0
139,0,1.0,7.0,75.0,15.5,30.0
139,1,0.0,15.0,40.0,17.5,34.0
139,2,1.0,4.0,97.0,16.0,33.0
139,3,1.0,8.5,40.0,2.5,95.0
139,4,0.0,18.5,45.0,9.0,90.0
139,5,1.0,10.0,10.0,3.0,65.0
139,6,1.0,5.25,50.0,2.0,90.0
139,7,0.0,8.0,65.0,15.0,60.0
139,8,0.0,10.25,68.0,9.5,80.0
139,9,0.0,16.0,90.0,18.0,80.0
139,10,1.0,2.0,80.0,9.0,20.0
139,11,0.0,15.0,77.0,13.75,85.0
139,12,1.0,11.0,30.0,5.0,65.0
139,13,0.0,20.0,30.0,12.5,48.0
139,14,0.0,20.0,50.0,17.0,60.0
139,15,1.0,4.0,80.0,20.0,20.0
139,16,1.0,6.5,50.0,3.0,95.0
139,17,1.0,13.0,70.0,8.0,84.0
139,18,0.0,12.0,20.0,6.0,60.0
139,19,1.0,15.0,60.0,8.0,65.0
140,0,0.0,4.0,97.0,16.0,33.0
140,1,1.0,7.0,75.0,15.5,30.0
140,2,0.0,13.0,70.0,8.0,84.0
140,3,0.0,15.0,77.0,13.75,85.0
140,4,1.0,12.0,20.0,6.0,60.0
140,5,1.0,16.0,90.0,18.0,80.0
140,6,1.0,20.0,30.0,12.5,48.0
140,7,1.0,15.0,40.0,17.5,34.0
140,8,1.0,20.0,50.0,17.0,60.0
140,9,0.0,11.0,30.0,5.0,65.0
140,10,0.0,10.0,10.0,3.0,65.0
140,11,0.0,8.0,65.0,15.0,60.0
140,12,1.0,8.5,40.0,2.5,95.0
140,13,1.0,15.0,60.0,8.0,65.0
140,14,0.0,10.25,68.0,9.5,80.0
140,15,0.0,6.5,50.0,3.0,95.0
140,16,0.0,4.0,80.0,20.0,20.0
140,17,0.0,18.5,45.0,9.0,90.0
140,18,0.0,2.0,80.0,9.0,20.0
140,19,0.0,5.25,50.0,2.0,90.0
141,0,0.0,2.0,80.0,9.0,20.0
141,1,1.0,15.0,77.0,13.75,85.0
141,2,1.0,11.0,30.0,5.0,65.0
141,3,0.0,5.25,50.0,2.0,90.0
141,4,1.0,13.0,70.0,8.0,84.0
141,5,0.0,20.0,30.0,12.5,48.0
141,6,0.0,15.0,40.0,17.5,34.0
141,7,0.0,12.0,20.0,6.0,60.0
141,8,0.0,8.0,65.0,15.0,60.0
141,9,1.0,7.0,75.0,15.5,30.0
141,10,0.0,10.0,10.0,3.0,65.0
141,11,1.0,20.0,50.0,17.0,60.0
141,12,1.0,15.0,60.0,8.0,65.0
141,13,0.0,16.0,90.0,18.0,80.0
141,14,1.0,8.5,40.0,2.5,95.0
141,15,0.0,4.0,80.0,20.0,20.0
141,16,0.0,4.0,97.0,16.0,33.0
141,17,0.0,10.25,68.0,9.5,80.0
141,18,0.0,6.5,50.0,3.0,95.0
141,19,1.0,18.5,45.0,9.0,90.0
142,0,0.0,10.25,68.0,9.5,80.0
142,1,1.0,7.0,75.0,15.5,30.0
142,2,1.0,20.0,30.0,12.5,48.0
142,3,0.0,12.0,20.0,6.0,60.0
142,4,0.0,13.0,70.0,8.0,84.0
142,5,1.0,20.0,50.0,17.0,60.0
142,6,1.0,4.0,97.0,16.0,33.0
142,7,0.0,6.5,50.0,3.0,95.0
142,8,1.0,4.0,80.0,20.0,20.0
142,9,0.0,15.0,77.0,13.75,85.0
142,10,0.0,8.5,40.0,2.5,95.0
142,11,1.0,16.0,90.0,18.0,80.0
142,12,0.0,8.0,65.0,15.0,60.0
142,13,1.0,15.0,60.0,8.0,65.0
142,14,1.0,2.0,80.0,9.0,20.0
142,15,0.0,10.0,10.0,3.0,65.0
142,16,0.0,18.5,45.0,9.0,90.0
142,17,1.0,11.0,30.0,5.0,65.0
142,18,0.0,15.0,40.0,17.5,34.0
142,19,0.0,5.25,50.0,2.0,90.0
143,0,1.0,4.0,97.0,16.0,33.0
143,1,0.0,15.0,77.0,13.75,85.0
143,2,1.0,16.0,90.0,18.0,80.0
143,3,0.0,8.5,40.0,2.5,95.0
143,4,0.0,10.0,10.0,3.0,65.0
143,5,0.0,18.5,45.0,9.0,90.0
143,6,0.0,12.0,20.0,6.0,60.0
143,7,1.0,2.0,80.0,9.0,20.0
143,8,0.0,11.0,30.0,5.0,65.0
143,9,0.0,10.25,68.0,9.5,80.0
143,10,1.0,15.0,40.0,17.5,34.0
143,11,0.0,20.0,50.0,17.0,60.0
143,12,0.0,5.25,50.0,2.0,90.0
143,13,1.0,13.0,70.0,8.0,84.0
143,14,1.0,20.0,30.0,12.5,48.0
143,15,1.0,7.0,75.0,15.5,30.0
143,16,0.0,4.0,80.0,20.0,20.0
143,17,0.0,6.5,50.0,3.0,95.0
143,18,1.0,15.0,60.0,8.0,65.0
144,0,1.0,4.0,97.0,16.0,33.0
144,1,0.0,10.0,10.0,3.0,65.0
144,2,0.0,5.25,50.0,2.0,90.0
144,3,1.0,7.0,75.0,15.5,30.0
144,4,0.0,18.5,45.0,9.0,90.0
144,5,1.0,4.0,80.0,20.0,20.0
144,6,0.0,15.0,40.0,17.5,34.0
144,7,0.0,11.0,30.0,5.0,65.0
144,8,0.0,8.0,65.0,15.0,60.0
144,9,1.0,16.0,90.0,18.0,80.0
144,10,1.0,2.0,80.0,9.0,20.0
144,11,0.0,20.0,50.0,17.0,60.0
144,12,0.0,12.0,20.0,6.0,60.0
144,13,0.0,15.0,77.0,13.75,85.0
144,14,0.0,10.25,68.0,9.5,80.0
144,15,0.0,20.0,30.0,12.5,48.0
144,16,0.0,6.5,50.0,3.0,95.0
144,17,1.0,15.0,60.0,8.0,65.0
144,18,0.0,8.5,40.0,2.5,95.0
144,19,0.0,13.0,70.0,8.0,84.0
145,0,0.0,15.0,40.0,17.5,34.0
145,1,1.0,20.0,30.0,12.5,48.0
145,2,1.0,15.0,60.0,8.0,65.0
145,3,1.0,6.5,50.0,3.0,95.0
145,4,1.0,15.0,77.0,13.75,85.0
145,5,0.0,2.0,80.0,9.0,20.0
145,6,1.0,10.0,10.0,3.0,65.0
145,7,1.0,11.0,30.0,5.0,65.0
145,8,0.0,4.0,80.0,20.0,20.0
145,9,1.0,5.25,50.0,2.0,90.0
145,10,0.0,4.0,97.0,16.0,33.0
145,11,1.0,13.0,70.0,8.0,84.0
145,12,1.0,16.0,90.0,18.0,80.0
145,13,1.0,12.0,20.0,6.0,60.0
145,14,1.0,8.5,40.0,2.5,95.0
145,15,0.0,10.25,68.0,9.5,80.0
145,16,0.0,7.0,75.0,15.5,30.0
145,17,0.0,8.0,65.0,15.0,60.0
145,18,1.0,20.0,50.0,17.0,60.0
145,19,1.0,18.5,45.0,9.0,90.0
146,0,1.0,15.0,60.0,8.0,65.0
146,1,1.0,20.0,30.0,12.5,48.0
146,2,0.0,4.0,80.0,20.0,20.0
146,3,1.0,2.0,80.0,9.0,20.0
146,4,0.0,16.0,90.0,18.0,80.0
146,5,0.0,20.0,50.0,17.0,60.0
146,6,1.0,15.0,40.0,17.5,34.0
146,7,1.0,8.5,40.0,2.5,95.0
146,8,1.0,6.5,50.0,3.0,95.0
146,9,0.0,11.0,30.0,5.0,65.0
146,10,1.0,18.5,45.0,9.0,90.0
146,11,0.0,10.25,68.0,9.5,80.0
146,12,1.0,10.0,10.0,3.0,65.0
146,13,0.0,4.0,97.0,16.0,33.0
146,14,0.0,12.0,20.0,6.0,60.0
146,15,1.0,13.0,70.0,8.0,84.0
146,16,1.0,5.25,50.0,2.0,90.0
146,17,0.0,8.0,65.0,15.0,60.0
146,18,1.0,15.0,77.0,13.75,85.0
146,19,1.0,7.0,75.0,15.5,30.0
147,0,1.0,15.0,77.0,13.75,85.0
147,1,1.0,15.0,40.0,17.5,34.0
147,2,1.0,4.0,97.0,16.0,33.0
147,3,0.0,8.0,65.0,15.0,60.0
147,4,0.0,15.0,60.0,8.0,65.0
147,5,0.0,12.0,20.0,6.0,60.0
147,6,0.0,6.5,50.0,3.0,95.0
147,7,0.0,10.0,10.0,3.0,65.0
147,8,1.0,16.0,90.0,18.0,80.0
147,9,1.0,4.0,80.0,20.0,20.0
147,10,0.0,8.5,40.0,2.5,95.0
147,11,0.0,13.0,70.0,8.0,84.0
147,12,1.0,7.0,75.0,15.5,30.0
147,13,0.0,18.5,45.0,9.0,90.0
147,14,0.0,5.25,50.0,2.0,90.0
147,15,0.0,10.25,68.0,9.5,80.0
147,16,1.0,2.0,80.0,9.0,20.0
147,17,0.0,11.0,30.0,5.0,65.0
147,18,0.0,20.0,30.0,12.5,48.0
147,19,0.0,20.0,50.0,17.0,60.0
148,0,0.0,20.0,30.0,12.5,48.0
148,1,0.0,18.5,45.0,9.0,90.0
148,2,1.0,4.0,97.0,16.0,33.0
148,3,0.0,5.25,50.0,2.0,90.0
148,4,0.0,6.5,50.0,3.0,95.0
148,5,0.0,12.0,20.0,6.0,60.0
148,6,0.0,10.25,68.0,9.5,80.0
148,7,0.0,16.0,90.0,18.0,80.0
148,8,0.0,20.0,50.0,17.0,60.0
148,9,0.0,10.0,10.0,3.0,65.0
148,10,1.0,4.0,80.0,20.0,20.0
148,11,0.0,15.0,77.0,13.75,85.0
148,12,0.0,8.5,40.0,2.5,95.0
148,13,0.0,11.0,30.0,5.0,65.0
148,14,1.0,15.0,60.0,8.0,65.0
148,15,1.0,15.0,40.0,17.5,34.0
149,0,1.0,15.0,60.0,8.0,65.0
149,1,1.0,20.0,30.0,12.5,48.0
149,2,0.0,10.25,68.0,9.5,80.0
149,3,1.0,13.0,70.0,8.0,84.0
149,4,1.0,7.0,75.0,15.5,30.0
149,5,0.0,18.5,45.0,9.0,90.0
149,6,1.0,4.0,97.0,16.0,33.0
149,7,0.0,15.0,77.0,13.75,85.0
149,8,0.0,12.0,20.0,6.0,60.0
149,9,0.0,8.0,65.0,15.0,60.0
149,10,0.0,5.25,50.0,2.0,90.0
149,11,0.0,6.5,50.0,3.0,95.0
149,12,1.0,16.0,90.0,18.0,80.0
149,13,0.0,8.5,40.0,2.5,95.0
149,14,0.0,4.0,80.0,20.0,20.0
149,15,0.0,11.0,30.0,5.0,65.0
149,16,1.0,15.0,40.0,17.5,34.0
149,17,0.0,20.0,50.0,17.0,60.0
149,18,0.0,10.0,10.0,3.0,65.0
149,19,1.0,2.0,80.0,9.0,20.0
150,0,0.0,13.0,70.0,8.0,84.0
150,1,1.0,20.0,30.0,12.5,48.0
150,2,1.0,15.0,60.0,8.0,65.0
150,3,0.0,10.0,10.0,3.0,65.0
150,4,1.0,4.0,80.0,20.0,20.0
150,5,0.0,12.0,20.0,6.0,60.0
150,6,0.0,18.5,45.0,9.0,90.0
150,7,0.0,10.25,68.0,9.5,80.0
150,8,0.0,8.5,40.0,2.5,95.0
150,9,1.0,7.0,75.0,15.5,30.0
150,10,1.0,16.0,90.0,18.0,80.0
150,11,1.0,4.0,97.0,16.0,33.0
150,12,0.0,11.0,30.0,5.0,65.0
150,13,0.0,5.25,50.0,2.0,90.0
150,14,0.0,8.0,65.0,15.0,60.0
151,0,1.0,2.0,80.0,9.0,20.0
151,1,0.0,11.0,30.0,5.0,65.0
151,2,0.0,20.0,30.0,12.5,48.0
151,3,1.0,6.5,50.0,3.0,95.0
151,4,0.0,15.0,40.0,17.5,34.0
151,5,0.0,8.0,65.0,15.0,60.0
151,6,0.0,15.0,77.0,13.75,85.0
151,7,1.0,15.0,60.0,8.0,65.0
151,8,0.0,12.0,20.0,6.0,60.0
151,9,0.0,4.0,80.0,20.0,20.0
151,10,1.0,18.5,45.0,9.0,90.0
151,11,0.0,10.25,68.0,9.5,80.0
151,12,1.0,10.0,10.0,3.0,65.0
151,13,1.0,7.0,75.0,15.5,30.0
151,14,1.0,20.0,50.0,17.0,60.0
151,15,0.0,8.5,40.0,2.5,95.0
151,16,1.0,4.0,97.0,16.0,33.0
151,17,1.0,13.0,70.0,8.0,84.0
151,18,1.0,16.0,90.0,18.0,80.0
151,19,1.0,5.25,50.0,2.0,90.0
152,0,0.0,20.0,50.0,17.0,60.0
152,1,0.0,10.0,10.0,3.0,65.0
152,2,0.0,8.0,65.0,15.0,60.0
152,3,0.0,20.0,30.0,12.5,48.0
152,4,0.0,15.0,40.0,17.5,34.0
152,5,1.0,13.0,70.0,8.0,84.0
152,6,1.0,2.0,80.0,9.0,20.0
152,7,0.0,10.25,68.0,9.5,80.0
152,8,1.0,4.0,80.0,20.0,20.0
152,9,0.0,11.0,30.0,5.0,65.0
152,10,1.0,7.0,75.0,15.5,30.0
152,11,0.0,15.0,77.0,13.75,85.0
152,12,0.0,18.5,45.0,9.0,90.0
152,13,0.0,12.0,20.0,6.0,60.0
152,14,1.0,15.0,60.0,8.0,65.0
152,15,1.0,4.0,97.0,16.0,33.0
152,16,0.0,5.25,50.0,2.0,90.0
152,17,0.0,6.5,50.0,3.0,95.0
152,18,0.0,8.5,40.0,2.5,95.0
153,0,1.0,20.0,50.0,17.0,60.0
153,1,0.0,4.0,80.0,20.0,20.0
153,2,0.0,10.0,10.0,3.0,65.0
153,3,0.0,18.5,45.0,9.0,90.0
153,4,1.0,5.25,50.0,2.0,90.0
153,5,1.0,8.5,40.0,2.5,95.0
153,6,1.0,13.0,70.0,8.0,84.0
153,7,1.0,7.0,75.0,15.5,30.0
153,8,0.0,10.25,68.0,9.5,80.0
153,9,1.0,11.0,30.0,5.0,65.0
153,10,0.0,12.0,20.0,6.0,60.0
153,11,0.0,15.0,77.0,13.75,85.0
153,12,0.0,6.5,50.0,3.0,95.0
153,13,0.0,8.0,65.0,15.0,60.0
153,14,1.0,20.0,30.0,12.5,48.0
153,15,1.0,2.0,80.0,9.0,20.0
153,16,0.0,16.0,90.0,18.0,80.0
153,17,1.0,15.0,60.0,8.0,65.0
154,0,1.0,4.0,97.0,16.0,33.0
154,1,1.0,5.25,50.0,2.0,90.0
154,2,0.0,10.25,68.0,9.5,80.0
154,3,1.0,4.0,80.0,20.0,20.0
154,4,0.0,16.0,90.0,18.0,80.0
154,5,1.0,15.0,77.0,13.75,85.0
154,6,0.0,8.0,65.0,15.0,60.0
154,7,0.0,20.0,30.0,12.5,48.0
154,8,1.0,15.0,60.0,8.0,65.0
154,9,1.0,15.0,40.0,17.5,34.0
154,10,1.0,7.0,75.0,15.5,30.0
154,11,0.0,11.0,30.0,5.0,65.0
154,12,1.0,13.0,70.0,8.0,84.0
154,13,0.0,12.0,20.0,6.0,60.0
154,14,1.0,6.5,50.0,3.0,95.0
154,15,0.0,10.0,10.0,3.0,65.0
154,16,1.0,8.5,40.0,2.5,95.0
154,17,0.0,18.5,45.0,9.0,90.0
154,18,1.0,2.0,80.0,9.0,20.0
154,19,1.0,20.0,50.0,17.0,60.0
155,0,0.0,8.5,40.0,2.5,95.0
155,1,0.0,12.0,20.0,6.0,60.0
155,2,1.0,7.0,75.0,15.5,30.0
155,3,0.0,8.0,65.0,15.0,60.0
155,4,1.0,2.0,80.0,9.0,20.0
155,5,0.0,18.5,45.0,9.0,90.0
155,6,0.0,16.0,90.0,18.0,80.0
155,7,0.0,10.25,68.0,9.5,80.0
155,8,1.0,4.0,80.0,20.0,20.0
155,9,1.0,10.0,10.0,3.0,65.0
155,10,1.0,4.0,97.0,16.0,33.0
155,11,0.0,20.0,30.0,12.5,48.0
155,12,1.0,15.0,60.0,8.0,65.0
155,13,0.0,15.0,40.0,17.5,34.0
155,14,1.0,13.0,70.0,8.0,84.0
155,15,0.0,5.25,50.0,2.0,90.0
155,16,1.0,15.0,77.0,13.75,85.0
155,17,1.0,20.0,50.0,17.0,60.0
155,18,0.0,6.5,50.0,3.0,95.0
155,19,0.0,11.0,30.0,5.0,65.0
156,0,0.0,10.0,10.0,3.0,65.0
156,1,1.0,15.0,60.0,8.0,65.0
156,2,0.0,20.0,30.0,12.5,48.0
156,3,1.0,4.0,80.0,20.0,20.0
156,4,1.0,10.25,68.0,9.5,80.0
156,5,0.0,5.25,50.0,2.0,90.0
156,6,0.0,11.0,30.0,5.0,65.0
156,7,0.0,12.0,20.0,6.0,60.0
156,8,1.0,7.0,75.0,15.5,30.0
156,9,0.0,18.5,45.0,9.0,90.0
156,10,1.0,15.0,40.0,17.5,34.0
156,11,1.0,2.0,80.0,9.0,20.0
156,12,1.0,4.0,97.0,16.0,33.0
156,13,0.0,15.0,77.0,13.75,85.0
156,14,1.0,6.5,50.0,3.0,95.0
156,15,1.0,8.5,40.0,2.5,95.0
156,16,0.0,8.0,65.0,15.0,60.0
156,17,0.0,13.0,70.0,8.0,84.0
157,0,1.0,16.0,90.0,18.0,80.0
157,1,1.0,15.0,60.0,8.0,65.0
157,2,0.0,12.0,20.0,6.0,60.0
157,3,1.0,15.0,77.0,13.75,85.0
157,4,1.0,2.0,80.0,9.0,20.0
157,5,0.0,4.0,80.0,20.0,20.0
157,6,0.0,11.0,30.0,5.0,65.0
157,7,0.0,8.5,40.0,2.5,95.0
157,8,0.0,4.0,97.0,16.0,33.0
157,9,0.0,8.0,65.0,15.0,60.0
157,10,1.0,15.0,40.0,17.5,34.0
157,11,1.0,13.0,70.0,8.0,84.0
157,12,0.0,10.0,10.0,3.0,65.0
157,13,0.0,18.5,45.0,9.0,90.0
157,14,0.0,6.5,50.0,3.0,95.0
157,15,1.0,5.25,50.0,2.0,90.0
157,16,1.0,7.0,75.0,15.5,30.0
157,17,1.0,20.0,30.0,12.5,48.0
157,18,1.0,20.0,50.0,17.0,60.0
157,19,0.0,10.25,68.0,9.5,80.0
158,0,0.0,12.0,20.0,6.0,60.0
158,1,1.0,11.0,30.0,5.0,65.0
158,2,1.0,13.0,70.0,8.0,84.0
158,3,0.0,15.0,40.0,17.5,34.0
158,4,1.0,8.0,65.0,15.0,60.0
158,5,1.0,10.25,68.0,9.5,80.0
158,6,0.0,16.0,90.0,18.0,80.0
158,7,0.0,2.0,80.0,9.0,20.0
158,8,1.0,15.0,77.0,13.75,85.0
158,9,1.0,6.5,50.0,3.0,95.0
158,10,1.0,20.0,50.0,17.0,60.0
158,11,1.0,8.5,40.0,2.5,95.0
158,12,0.0,20.0,30.0,12.5,48.0
158,13,0.0,7.0,75.0,15.5,30.0
158,14,0.0,4.0,80.0,20.0,20.0
158,15,1.0,5.25,50.0,2.0,90.0
158,16,1.0,18.5,45.0,9.0,90.0
158,17,0.0,10.0,10.0,3.0,65.0
158,18,0.0,15.0,60.0,8.0,65.0
158,19,1.0,4.0,97.0,16.0,33.0
159,0,0.0,18.5,45.0,9.0,90.0
159,1,1.0,15.0,60.0,8.0,65.0
159,2,1.0,15.0,40.0,17.5,34.0
159,3,0.0,8.5,40.0,2.5,95.0
159,4,0.0,12.0,20.0,6.0,60.0
159,5,0.0,5.25,50.0,2.0,90.0
159,6,1.0,15.0,77.0,13.75,85.0
159,7,1.0,10.0,10.0,3.0,65.0
159,8,1.0,16.0,90.0,18.0,80.0
159,9,1.0,2.0,80.0,9.0,20.0
159,10,1.0,6.5,50.0,3.0,95.0
159,11,1.0,7.0,75.0,15.5,30.0
159,12,1.0,8.0,65.0,15.0,60.0
159,13,0.0,10.25,68.0,9.5,80.0
159,14,1.0,20.0,30.0,12.5,48.0
159,15,1.0,11.0,30.0,5.0,65.0
159,16,1.0,4.0,80.0,20.0,20.0
159,17,1.0,13.0,70.0,8.0,84.0
160,0,1.0,15.0,77.0,13.75,85.0
160,1,0.0,8.0,65.0,15.0,60.0
160,2,1.0,15.0,60.0,8.0,65.0
160,3,1.0,20.0,30.0,12.5,48.0
160,4,1.0,8.5,40.0,2.5,95.0
160,5,0.0,4.0,97.0,16.0,33.0
160,6,0.0,15.0,40.0,17.5,34.0
160,7,1.0,18.5,45.0,9.0,90.0
160,8,0.0,4.0,80.0,20.0,20.0
160,9,1.0,13.0,70.0,8.0,84.0
160,10,1.0,10.0,10.0,3.0,65.0
160,11,0.0,16.0,90.0,18.0,80.0
160,12,0.0,2.0,80.0,9.0,20.0
160,13,0.0,7.0,75.0,15.5,30.0
160,14,1.0,12.0,20.0,6.0,60.0
160,15,1.0,5.25,50.0,2.0,90.0
160,16,1.0,10.25,68.0,9.5,80.0
160,17,1.0,20.0,50.0,17.0,60.0
160,18,1.0,11.0,30.0,5.0,65.0
160,19,1.0,6.5,50.0,3.0,95.0
161,0,0.0,20.0,30.0,12.5,48.0
161,1,0.0,18.5,45.0,9.0,90.0
161,2,1.0,4.0,97.0,16.0,33.0
161,3,0.0,15.0,77.0,13.75,85.0
161,4,0.0,5.25,50.0,2.0,90.0
161,5,0.0,10.0,10.0,3.0,65.0
161,6,1.0,4.0,80.0,20.0,20.0
161,7,0.0,20.0,50.0,17.0,60.0
161,8,0.0,13.0,70.0,8.0,84.0
161,9,0.0,11.0,30.0,5.0,65.0
161,10,0.0,6.5,50.0,3.0,95.0
161,11,0.0,8.0,65.0,15.0,60.0
161,12,1.0,16.0,90.0,18.0,80.0
161,13,1.0,2.0,80.0,9.0,20.0
161,14,1.0,15.0,60.0,8.0,65.0
161,15,0.0,8.5,40.0,2.5,95.0
161,16,0.0,12.0,20.0,6.0,60.0
161,17,1.0,15.0,40.0,17.5,34.0
161,18,0.0,10.25,68.0,9.5,80.0
161,19,1.0,7.0,75.0,15.5,30.0
162,0,0.0,4.0,97.0,16.0,33.0
162,1,1.0,15.0,60.0,8.0,65.0
162,2,1.0,7.0,75.0,15.5,30.0
162,3,0.0,6.5,50.0,3.0,95.0
162,4,1.0,11.0,30.0,5.0,65.0
162,5,0.0,8.5,40.0,2.5,95.0
162,6,0.0,18.5,45.0,9.0,90.0
162,7,0.0,5.25,50.0,2.0,90.0
162,8,1.0,2.0,80.0,9.0,20.0
162,9,0.0,16.0,90.0,18.0,80.0
162,10,1.0,20.0,30.0,12.5,48.0
162,11,0.0,20.0,50.0,17.0,60.0
162,12,1.0,15.0,77.0,13.75,85.0
162,13,1.0,4.0,80.0,20.0,20.0
162,14,0.0,15.0,40.0,17.5,34.0
162,15,0.0,12.0,20.0,6.0,60.0
162,16,0.0,8.0,65.0,15.0,60.0
162,17,0.0,10.0,10.0,3.0,65.0
162,18,0.0,10.25,68.0,9.5,80.0
162,19,1.0,13.0,70.0,8.0,84.0
163,0,0.0,2.0,80.0,9.0,20.0
163,1,1.0,13.0,70.0,8.0,84.0
163,2,0.0,7.0,75.0,15.5,30.0
163,3,0.0,4.0,80.0,20.0,20.0
163,4,1.0,18.5,45.0,9.0,90.0
163,5,1.0,20.0,30.0,12.5,48.0
163,6,0.0,4.0,97.0,16.0,33.0
163,7,1.0,12.0,20.0,6.0,60.0
163,8,1.0,16.0,90.0,18.0,80.0
163,9,0.0,15.0,77.0,13.75,85.0
163,10,1.0,11.0,30.0,5.0,65.0
163,11,1.0,10.25,68.0,9.5,80.0
163,12,1.0,8.5,40.0,2.5,95.0
163,13,0.0,15.0,40.0,17.5,34.0
163,14,1.0,5.25,50.0,2.0,90.0
163,15,1.0,15.0,60.0,8.0,65.0
163,16,0.0,8.0,65.0,15.0,60.0
164,0,0.0,15.0,60.0,8.0,65.0
164,1,1.0,18.5,45.0,9.0,90.0
164,2,0.0,6.5,50.0,3.0,95.0
164,3,0.0,13.0,70.0,8.0,84.0
164,4,0.0,15.0,77.0,13.75,85.0
164,5,0.0,4.0,97.0,16.0,33.0
164,6,0.0,11.0,30.0,5.0,65.0
164,7,1.0,7.0,75.0,15.5,30.0
164,8,0.0,20.0,30.0,12.5,48.0
164,9,1.0,4.0,80.0,20.0,20.0
164,10,1.0,2.0,80.0,9.0,20.0
164,11,1.0,20.0,50.0,17.0,60.0
164,12,0.0,5.25,50.0,2.0,90.0
164,13,0.0,12.0,20.0,6.0,60.0
164,14,1.0,16.0,90.0,18.0,80.0
164,15,0.0,10.0,10.0,3.0,65.0
164,16,1.0,15.0,40.0,17.5,34.0
164,17,0.0,8.5,40.0,2.5,95.0
164,18,0.0,10.25,68.0,9.5,80.0
164,19,0.0,8.0,65.0,15.0,60.0
165,0,0.0,8.5,40.0,2.5,95.0
165,1,0.0,5.25,50.0,2.0,90.0
165,2,0.0,16.0,90.0,18.0,80.0
165,3,0.0,6.5,50.0,3.0,95.0
165,4,1.0,4.0,80.0,20.0,20.0
165,5,0.0,18.5,45.0,9.0,90.0
165,6,1.0,2.0,80.0,9.0,20.0
165,7,0.0,13.0,70.0,8.0,84.0
165,8,0.0,12.0,20.0,6.0,60.0
165,9,0.0,10.25,68.0,9.5,80.0
165,10,0.0,10.0,10.0,3.0,65.0
165,11,0.0,8.0,65.0,15.0,60.0
165,12,0.0,20.0,50.0,17.0,60.0
165,13,0.0,15.0,77.0,13.75,85.0
165,14,1.0,15.0,40.0,17.5,34.0
165,15,1.0,4.0,97.0,16.0,33.0
166,0,0.0,15.0,77.0,13.75,85.0
166,1,0.0,8.5,40.0,2.5,95.0
166,2,1.0,16.0,90.0,18.0,80.0
166,3,0.0,10.0,10.0,3.0,65.0
166,4,1.0,4.0,97.0,16.0,33.0
166,5,1.0,2.0,80.0,9.0,20.0
166,6,0.0,15.0,40.0,17.5,34.0
166,7,0.0,18.5,45.0,9.0,90.0
166,8,0.0,20.0,30.0,12.5,48.0
166,9,1.0,4.0,80.0,20.0,20.0
166,10,0.0,13.0,70.0,8.0,84.0
166,11,1.0,7.0,75.0,15.5,30.0
166,12,1.0,15.0,60.0,8.0,65.0
166,13,0.0,12.0,20.0,6.0,60.0
166,14,0.0,8.0,65.0,15.0,60.0
166,15,1.0,11.0,30.0,5.0,65.0
166,16,0.0,6.5,50.0,3.0,95.0
166,17,0.0,20.0,50.0,17.0,60.0
167,0,0.0,8.0,65.0,15.0,60.0
167,1,0.0,4.0,80.0,20.0,20.0
167,2,1.0,10.0,10.0,3.0,65.0
167,3,0.0,10.25,68.0,9.5,80.0
167,4,1.0,8.5,40.0,2.5,95.0
167,5,1.0,7.0,75.0,15.5,30.0
167,6,1.0,6.5,50.0,3.0,95.0
167,7,1.0,11.0,30.0,5.0,65.0
167,8,0.0,15.0,77.0,13.75,85.0
167,9,1.0,13.0,70.0,8.0,84.0
167,10,1.0,5.25,50.0,2.0,90.0
167,11,0.0,18.5,45.0,9.0,90.0
167,12,1.0,12.0,20.0,6.0,60.0
167,13,1.0,16.0,90.0,18.0,80.0
167,14,0.0,15.0,40.0,17.5,34.0
167,15,1.0,4.0,97.0,16.0,33.0
167,16,1.0,20.0,30.0,12.5,48.0
167,17,1.0,15.0,60.0,8.0,65.0
167,18,1.0,2.0,80.0,9.0,20.0
167,19,1.0,20.0,50.0,17.0,60.0
168,0,1.0,10.0,10.0,3.0,65.0
168,1,1.0,13.0,70.0,8.0,84.0
168,2,0.0,7.0,75.0,15.5,30.0
168,3,0.0,4.0,80.0,20.0,20.0
168,4,1.0,5.25,50.0,2.0,90.0
168,5,1.0,20.0,50.0,17.0,60.0
168,6,1.0,15.0,40.0,17.5,34.0
168,7,1.0,15.0,77.0,13.75,85.0
168,8,1.0,10.25,68.0,9.5,80.0
168,9,1.0,8.5,40.0,2.5,95.0
168,10,1.0,12.0,20.0,6.0,60.0
168,11,1.0,15.0,60.0,8.0,65.0
168,12,0.0,16.0,90.0,18.0,80.0
168,13,1.0,20.0,30.0,12.5,48.0
168,14,0.0,4.0,97.0,16.0,33.0
168,15,1.0,18.5,45.0,9.0,90.0
168,16,0.0,8.0,65.0,15.0,60.0
168,17,1.0,6.5,50.0,3.0,95.0
168,18,0.0,2.0,80.0,9.0,20.0
168,19,1.0,11.0,30.0,5.0,65.0
169,0,0.0,8.5,40.0,2.5,95.0
169,1,0.0,12.0,20.0,6.0,60.0
169,2,1.0,13.0,70.0,8.0,84.0
169,3,0.0,10.0,10.0,3.0,65.0
169,4,0.0,5.25,50.0,2.0,90.0
169,5,1.0,15.0,77.0,13.75,85.0
169,6,1.0,2.0,80.0,9.0,20.0
169,7,1.0,7.0,75.0,15.5,30.0
169,8,1.0,20.0,50.0,17.0,60.0
169,9,0.0,18.5,45.0,9.0,90.0
169,10,0.0,11.0,30.0,5.0,65.0
169,11,1.0,4.0,97.0,16.0,33.0
169,12,1.0,15.0,40.0,17.5,34.0
169,13,1.0,15.0,60.0,8.0,65.0
169,14,1.0,16.0,90.0,18.0,80.0
169,15,1.0,4.0,80.0,20.0,20.0
169,16,0.0,10.25,68.0,9.5,80.0
169,17,1.0,6.5,50.0,3.0,95.0
169,18,0.0,8.0,65.0,15.0,60.0
169,19,0.0,20.0,30.0,12.5,48.0
170,0,1.0,2.0,80.0,9.0,20.0
170,1,0.0,8.0,65.0,15.0,60.0
170,2,0.0,11.0,30.0,5.0,65.0
170,3,1.0,15.0,60.0,8.0,65.0
170,4,0.0,12.0,20.0,6.0,60.0
170,5,0.0,15.0,40.0,17.5,34.0
170,6,0.0,10.25,68.0,9.5,80.0
170,7,1.0,20.0,30.0,12.5,48.0
170,8,1.0,4.0,80.0,20.0,20.0
170,9,0.0,10.0,10.0,3.0,65.0
170,10,1.0,20.0,50.0,17.0,60.0
170,11,0.0,18.5,45.0,9.0,90.0
170,12,1.0,15.0,77.0,13.75,85.0
170,13,1.0,13.0,70.0,8.0,84.0
170,14,1.0,7.0,75.0,15.5,30.0
170,15,1.0,6.5,50.0,3.0,95.0
170,16,1.0,16.0,90.0,18.0,80.0
170,17,0.0,8.5,40.0,2.5,95.0
170,18,1.0,4.0,97.0,16.0,33.0
170,19,1.0,5.25,50.0,2.0,90.0
171,0,0.0,4.0,80.0,20.0,20.0
171,1,1.0,4.0,97.0,16.0,33.0
171,2,1.0,15.0,60.0,8.0,65.0
171,3,1.0,20.0,50.0,17.0,60.0
171,4,0.0,11.0,30.0,5.0,65.0
171,5,1.0,15.0,40.0,17.5,34.0
171,6,1.0,15.0,77.0,13.75,85.0
171,7,1.0,7.0,75.0,15.5,30.0
171,8,0.0,2.0,80.0,9.0,20.0
171,9,0.0,16.0,90.0,18.0,80.0
171,10,0.0,18.5,45.0,9.0,90.0
171,11,0.0,10.0,10.0,3.0,65.0
171,12,0.0,5.25,50.0,2.0,90.0
171,13,0.0,8.0,65.0,15.0,60.0
171,14,0.0,8.5,40.0,2.5,95.0
171,15,1.0,20.0,30.0,12.5,48.0
171,16,0.0,10.25,68.0,9.5,80.0
171,17,0.0,12.0,20.0,6.0,60.0
171,18,1.0,13.0,70.0,8.0,84.0
172,0,0.0,10.0,10.0,3.0,65.0
172,1,0.0,10.25,68.0,9.5,80.0
172,2,1.0,5.25,50.0,2.0,90.0
172,3,1.0,8.5,40.0,2.5,95.0
172,4,1.0,16.0,90.0,18.0,80.0
172,5,1.0,20.0,50.0,17.0,60.0
172,6,0.0,8.0,65.0,15.0,60.0
172,7,0.0,2.0,80.0,9.0,20.0
172,8,1.0,20.0,30.0,12.5,48.0
172,9,0.0,11.0,30.0,5.0,65.0
172,10,1.0,13.0,70.0,8.0,84.0
172,11,1.0,6.5,50.0,3.0,95.0
172,12,0.0,15.0,77.0,13.75,85.0
172,13,0.0,4.0,97.0,16.0,33.0
172,14,1.0,15.0,60.0,8.0,65.0
172,15,0.0,12.0,20.0,6.0,60.0
172,16,0.0,4.0,80.0,20.0,20.0
172,17,1.0,15.0,40.0,17.5,34.0
172,18,1.0,18.5,45.0,9.0,90.0
172,19,1.0,7.0,75.0,15.5,30.0
173,0,1.0,4.0,80.0,20.0,20.0
173,1,1.0,7.0,75.0,15.5,30.0
173,2,0.0,15.0,77.0,13.75,85.0
173,3,0.0,20.0,30.0,12.5,48.0
173,4,1.0,16.0,90.0,18.0,80.0
173,5,1.0,15.0,60.0,8.0,65.0
173,6,1.0,8.5,40.0,2.5,95.0
173,7,0.0,10.25,68.0,9.5,80.0
173,8,0.0,12.0,20.0,6.0,60.0
173,9,0.0,2.0,80.0,9.0,20.0
173,10,0.0,13.0,70.0,8.0,84.0
173,11,0.0,10.0,10.0,3.0,65.0
173,12,1.0,15.0,40.0,17.5,34.0
173,13,0.0,11.0,30.0,5.0,65.0
173,14,0.0,18.5,45.0,9.0,90.0
173,15,1.0,5.25,50.0,2.0,90.0
173,16,0.0,6.5,50.0,3.0,95.0
173,17,0.0,20.0,50.0,17.0,60.0
173,18,1.0,4.0,97.0,16.0,33.0
174,0,0.0,8.0,65.0,15.0,60.0
174,1,1.0,8.5,40.0,2.5,95.0
174,2,1.0,20.0,30.0,12.5,48.0
174,3,0.0,20.0,50.0,17.0,60.0
174,4,0.0,4.0,80.0,20.0,20.0
174,5,1.0,12.0,20.0,6.0,60.0
174,6,0.0,10.0,10.0,3.0,65.0
174,7,0.0,4.0,97.0,16.0,33.0
174,8,1.0,6.5,50.0,3.0,95.0
174,9,1.0,16.0,90.0,18.0,80.0
174,10,1.0,15.0,77.0,13.75,85.0
174,11,0.0,10.25,68.0,9.5,80.0
174,12,1.0,15.0,60.0,8.0,65.0
174,13,0.0,7.0,75.0,15.5,30.0
174,14,1.0,13.0,70.0,8.0,84.0
174,15,0.0,2.0,80.0,9.0,20.0
174,16,1.0,15.0,40.0,17.5,34.0
174,17,1.0,5.25,50.0,2.0,90.0
174,18,1.0,18.5,45.0,9.0,90.0
175,0,0.0,8.5,40.0,2.5,95.0
175,1,0.0,8.0,65.0,15.0,60.0
175,2,0.0,5.25,50.0,2.0,90.0
175,3,1.0,16.0,90.0,18.0,80.0
175,4,0.0,10.25,68.0,9.5,80.0
175,5,1.0,7.0,75.0,15.5,30.0
175,6,1.0,4.0,80.0,20.0,20.0
175,7,1.0,4.0,97.0,16.0,33.0
175,8,0.0,12.0,20.0,6.0,60.0
175,9,0.0,20.0,30.0,12.5,48.0
175,10,1.0,15.0,60.0,8.0,65.0
175,11,0.0,11.0,30.0,5.0,65.0
175,12,0.0,10.0,10.0,3.0,65.0
175,13,1.0,15.0,40.0,17.5,34.0
175,14,0.0,18.5,45.0,9.0,90.0
175,15,0.0,15.0,77.0,13.75,85.0
175,16,0.0,13.0,70.0,8.0,84.0
175,17,1.0,2.0,80.0,9.0,20.0
175,18,1.0,20.0,50.0,17.0,60.0
175,19,0.0,6.5,50.0,3.0,95.0
176,0,0.0,15.0,40.0,17.5,34.0
176,1,1.0,15.0,60.0,8.0,65.0
176,2,0.0,10.25,68.0,9.5,80.0
176,3,1.0,2.0,80.0,9.0,20.0
176,4,1.0,4.0,80.0,20.0,20.0
176,5,0.0,8.0,65.0,15.0,60.0
176,6,0.0,12.0,20.0,6.0,60.0
176,7,0.0,4.0,97.0,16.0,33.0
176,8,0.0,11.0,30.0,5.0,65.0
176,9,0.0,20.0,30.0,12.5,48.0
176,10,0.0,5.25,50.0,2.0,90.0
176,11,0.0,18.5,45.0,9.0,90.0
176,12,0.0,13.0,70.0,8.0,84.0
176,13,0.0,20.0,50.0,17.0,60.0
176,14,1.0,7.0,75.0,15.5,30.0
176,15,0.0,8.5,40.0,2.5,95.0
176,16,0.0,10.0,10.0,3.0,65.0
176,17,0.0,6.5,50.0,3.0,95.0
177,0,1.0,6.5,50.0,3.0,95.0
177,1,1.0,20.0,50.0,17.0,60.0
177,2,1.0,2.0,80.0,9.0,20.0
177,3,0.0,13.0,70.0,8.0,84.0
177,4,1.0,4.0,97.0,16.0,33.0
177,5,0.0,16.0,90.0,18.0,80.0
177,6,1.0,15.0,40.0,17.5,34.0
177,7,0.0,15.0,77.0,13.75,85.0
177,8,1.0,15.0,60.0,8.0,65.0
177,9,1.0,10.0,10.0,3.0,65.0
177,10,0.0,12.0,20.0,6.0,60.0
177,11,0.0,10.25,68.0,9.5,80.0
177,12,1.0,5.25,50.0,2.0,90.0
177,13,0.0,11.0,30.0,5.0,65.0
177,14,0.0,18.5,45.0,9.0,90.0
177,15,1.0,8.5,40.0,2.5,95.0
177,16,0.0,20.0,30.0,12.5,48.0
177,17,1.0,4.0,80.0,20.0,20.0
177,18,0.0,8.0,65.0,15.0,60.0
177,19,1.0,7.0,75.0,15.5,30.0
178,0,1.0,2.0,80.0,9.0,20.0
178,1,0.0,4.0,80.0,20.0,20.0
178,2,0.0,18.5,45.0,9.0,90.0
178,3,0.0,12.0,20.0,6.0,60.0
178,4,0.0,8.0,65.0,15.0,60.0
178,5,0.0,15.0,77.0,13.75,85.0
178,6,0.0,11.0,30.0,5.0,65.0
178,7,0.0,10.25,68.0,9.5,80.0
178,8,1.0,16.0,90.0,18.0,80.0
178,9,1.0,8.5,40.0,2.5,95.0
178,10,0.0,5.25,50.0,2.0,90.0
178,11,1.0,15.0,40.0,17.5,34.0
178,12,1.0,7.0,75.0,15.5,30.0
178,13,1.0,13.0,70.0,8.0,84.0
178,14,0.0,6.5,50.0,3.0,95.0
178,15,1.0,20.0,30.0,12.5,48.0
178,16,1.0,4.0,97.0,16.0,33.0
178,17,0.0,20.0,50.0,17.0,60.0
179,0,0.0,10.0,10.0,3.0,65.0
179,1,1.0,16.0,90.0,18.0,80.0
179,2,1.0,13.0,70.0,8.0,84.0
179,3,0.0,20.0,30.0,12.5,48.0
179,4,1.0,4.0,97.0,16.0,33.0
179,5,1.0,15.0,40.0,17.5,34.0
179,6,1.0,15.0,60.0,8.0,65.0
179,7,0.0,8.0,65.0,15.0,60.0
179,8,1.0,8.5,40.0,2.5,95.0
179,9,0.0,20.0,50.0,17.0,60.0
179,10,1.0,7.0,75.0,15.5,30.0
179,11,1.0,2.0,80.0,9.0,20.0
179,12,0.0,11.0,30.0,5.0,65.0
179,13,1.0,5.25,50.0,2.0,90.0
179,14,1.0,12.0,20.0,6.0,60.0
179,15,0.0,18.5,45.0,9.0,90.0
179,16,0.0,10.25,68.0,9.5,80.0
179,17,1.0,6.5,50.0,3.0,95.0
179,18,0.0,4.0,80.0,20.0,20.0
179,19,0.0,15.0,77.0,13.75,85.0
180,0,0.0,15.0,40.0,17.5,34.0
180,1,0.0,4.0,80.0,20.0,20.0
180,2,0.0,15.0,60.0,8.0,65.0
180,3,1.0,8.0,65.0,15.0,60.0
180,4,1.0,7.0,75.0,15.5,30.0
180,5,1.0,20.0,30.0,12.5,48.0
180,6,1.0,6.5,50.0,3.0,95.0
180,7,0.0,18.5,45.0,9.0,90.0
180,8,0.0,11.0,30.0,5.0,65.0
180,9,1.0,16.0,90.0,18.0,80.0
180,10,1.0,5.25,50.0,2.0,90.0
180,11,1.0,15.0,77.0,13.75,85.0
180,12,1.0,10.25,68.0,9.5,80.0
180,13,1.0,12.0,20.0,6.0,60.0
180,14,0.0,20.0,50.0,17.0,60.0
180,15,0.0,10.0,10.0,3.0,65.0
180,16,1.0,8.5,40.0,2.5,95.0
180,17,1.0,2.0,80.0,9.0,20.0
180,18,1.0,13.0,70.0,8.0,84.0
181,0,0.0,18.5,45.0,9.0,90.0
181,1,1.0,2.0,80.0,9.0,20.0
181,2,1.0,16.0,90.0,18.0,80.0
181,3,1.0,5.25,50.0,2.0,90.0
181,4,1.0,7.0,75.0,15.5,30.0
181,5,0.0,15.0,40.0,17.5,34.0
181,6,0.0,20.0,30.0,12.5,48.0
181,7,1.0,4.0,80.0,20.0,20.0
181,8,0.0,10.25,68.0,9.5,80.0
181,9,0.0,11.0,30.0,5.0,65.0
181,10,0.0,6.5,50.0,3.0,95.0
181,11,0.0,4.0,97.0,16.0,33.0
181,12,0.0,10.0,10.0,3.0,65.0
181,13,1.0,15.0,60.0,8.0,65.0
181,14,0.0,15.0,77.0,13.75,85.0
181,15,1.0,20.0,50.0,17.0,60.0
181,16,0.0,8.0,65.0,15.0,60.0
181,17,0.0,8.5,40.0,2.5,95.0
181,18,0.0,12.0,20.0,6.0,60.0
181,19,1.0,13.0,70.0,8.0,84.0
182,0,1.0,16.0,90.0,18.0,80.0
182,1,0.0,5.25,50.0,2.0,90.0
182,2,1.0,2.0,80.0,9.0,20.0
182,3,0.0,15.0,77.0,13.75,85.0
182,4,0.0,10.0,10.0,3.0,65.0
182,5,1.0,4.0,97.0,16.0,33.0
182,6,1.0,12.0,20.0,6.0,60.0
182,7,1.0,7.0,75.0,15.5,30.0
182,8,0.0,13.0,70.0,8.0,84.0
182,9,0.0,8.5,40.0,2.5,95.0
182,10,1.0,11.0,30.0,5.0,65.0
182,11,0.0,20.0,50.0,17.0,60.0
182,12,0.0,10.25,68.0,9.5,80.0
182,13,0.0,18.5,45.0,9.0,90.0
182,14,0.0,20.0,30.0,12.5,48.0
182,15,1.0,4.0,80.0,20.0,20.0
182,16,0.0,15.0,60.0,8.0,65.0
182,17,1.0,15.0,40.0,17.5,34.0
182,18,1.0,8.0,65.0,15.0,60.0
182,19,0.0,6.5,50.0,3.0,95.0
183,0,0.0,13.0,70.0,8.0,84.0
183,1,0.0,12.0,20.0,6.0,60.0
183,2,0.0,20.0,30.0,12.5,48.0
183,3,0.0,18.5,45.0,9.0,90.0
183,4,0.0,6.5,50.0,3.0,95.0
183,5,0.0,15.0,77.0,13.75,85.0
183,6,0.0,8.5,40.0,2.5,95.0
183,7,1.0,4.0,97.0,16.0,33.0
183,8,1.0,2.0,80.0,9.0,20.0
183,9,0.0,5.25,50.0,2.0,90.0
183,10,1.0,15.0,40.0,17.5,34.0
183,11,0.0,8.0,65.0,15.0,60.0
183,12,0.0,10.25,68.0,9.5,80.0
183,13,1.0,7.0,75.0,15.5,30.0
183,14,0.0,20.0,50.0,17.0,60.0
183,15,1.0,4.0,80.0,20.0,20.0
183,16,0.0,16.0,90.0,18.0,80.0
183,17,0.0,10.0,10.0,3.0,65.0
184,0,0.0,12.0,20.0,6.0,60.0
184,1,0.0,11.0,30.0,5.0,65.0
184,2,0.0,18.5,45.0,9.0,90.0
184,3,1.0,15.0,40.0,17.5,34.0
184,4,1.0,7.0,75.0,15.5,30.0
184,5,1.0,20.0,50.0,17.0,60.0
184,6,1.0,4.0,97.0,16.0,33.0
184,7,0.0,15.0,77.0,13.75,85.0
184,8,0.0,13.0,70.0,8.0,84.0
184,9,1.0,2.0,80.0,9.0,20.0
184,10,0.0,8.0,65.0,15.0,60.0
184,11,1.0,20.0,30.0,12.5,48.0
184,12,1.0,5.25,50.0,2.0,90.0
184,13,0.0,10.0,10.0,3.0,65.0
184,14,0.0,10.25,68.0,9.5,80.0
184,15,1.0,15.0,60.0,8.0,65.0
184,16,1.0,4.0,80.0,20.0,20.0
184,17,0.0,8.5,40.0,2.5,95.0
184,18,1.0,16.0,90.0,18.0,80.0
184,19,1.0,6.5,50.0,3.0,95.0
185,0,1.0,8.0,65.0,15.0,60.0
185,1,0.0,11.0,30.0,5.0,65.0
185,2,0.0,18.5,45.0,9.0,90.0
185,3,1.0,15.0,40.0,17.5,34.0
185,4,1.0,15.0,77.0,13.75,85.0
185,5,1.0,4.0,80.0,20.0,20.0
185,6,1.0,16.0,90.0,18.0,80.0
185,7,0.0,12.0,20.0,6.0,60.0
185,8,0.0,10.0,10.0,3.0,65.0
185,9,1.0,7.0,75.0,15.5,30.0
185,10,1.0,20.0,50.0,17.0,60.0
185,11,1.0,10.25,68.0,9.5,80.0
185,12,1.0,8.5,40.0,2.5,95.0
185,13,1.0,15.0,60.0,8.0,65.0
185,14,1.0,4.0,97.0,16.0,33.0
185,15,0.0,13.0,70.0,8.0,84.0
185,16,1.0,6.5,50.0,3.0,95.0
185,17,1.0,5.25,50.0,2.0,90.0
185,18,0.0,2.0,80.0,9.0,20.0
186,0,0.0,15.0,40.0,17.5,34.0
186,1,1.0,10.25,68.0,9.5,80.0
186,2,1.0,8.0,65.0,15.0,60.0
186,3,0.0,20.0,30.0,12.5,48.0
186,4,1.0,12.0,20.0,6.0,60.0
186,5,1.0,4.0,97.0,16.0,33.0
186,6,1.0,15.0,60.0,8.0,65.0
186,7,1.0,4.0,80.0,20.0,20.0
186,8,0.0,16.0,90.0,18.0,80.0
186,9,0.0,20.0,50.0,17.0,60.0
186,10,1.0,8.5,40.0,2.5,95.0
186,11,0.0,18.5,45.0,9.0,90.0
186,12,0.0,10.0,10.0,3.0,65.0
186,13,1.0,6.5,50.0,3.0,95.0
186,14,1.0,7.0,75.0,15.5,30.0
186,15,0.0,15.0,77.0,13.75,85.0
186,16,1.0,5.25,50.0,2.0,90.0
186,17,1.0,2.0,80.0,9.0,20.0
186,18,1.0,11.0,30.0,5.0,65.0
187,0,1.0,12.0,20.0,6.0,60.0
187,1,1.0,2.0,80.0,9.0,20.0
187,2,0.0,7.0,75.0,15.5,30.0
187,3,0.0,5.25,50.0,2.0,90.0
187,4,0.0,15.0,77.0,13.75,85.0
187,5,1.0,15.0,60.0,8.0,65.0
187,6,0.0,11.0,30.0,5.0,65.0
187,7,1.0,4.0,97.0,16.0,33.0
187,8,1.0,20.0,30.0,12.5,48.0
187,9,0.0,18.5,45.0,9.0,90.0
187,10,1.0,13.0,70.0,8.0,84.0
187,11,0.0,8.0,65.0,15.0,60.0
187,12,1.0,20.0,50.0,17.0,60.0
187,13,0.0,10.0,10.0,3.0,65.0
187,14,0.0,4.0,80.0,20.0,20.0
187,15,1.0,8.5,40.0,2.5,95.0
187,16,0.0,10.25,68.0,9.5,80.0
187,17,0.0,15.0,40.0,17.5,34.0
187,18,0.0,6.5,50.0,3.0,95.0
187,19,0.0,16.0,90.0,18.0,80.0
188,0,1.0,13.0,70.0,8.0,84.0
188,1,0.0,8.5,40.0,2.5,95.0
188,2,0.0,5.25,50.0,2.0,90.0
188,3,0.0,10.0,10.0,3.0,65.0
188,4,1.0,10.25,68.0,9.5,80.0
188,5,0.0,6.5,50.0,3.0,95.0
188,6,1.0,15.0,60.0,8.0,65.0
188,7,1.0,7.0,75.0,15.5,30.0
188,8,0.0,12.0,20.0,6.0,60.0
188,9,1.0,15.0,40.0,17.5,34.0
188,10,0.0,18.5,45.0,9.0,90.0
188,11,0.0,2.0,80.0,9.0,20.0
188,12,1.0,4.0,97.0,16.0,33.0
188,13,1.0,16.0,90.0,18.0,80.0
188,14,0.0,15.0,77.0,13.75,85.0
188,15,0.0,20.0,30.0,12.5,48.0
188,16,0.0,8.0,65.0,15.0,60.0
188,17,0.0,4.0,80.0,20.0,20.0
188,18,1.0,20.0,50.0,17.0,60.0
189,0,0.0,20.0,50.0,17.0,60.0
189,1,1.0,8.0,65.0,15.0,60.0
189,2,0.0,18.5,45.0,9.0,90.0
189,3,1.0,7.0,75.0,15.5,30.0
189,4,1.0,10.25,68.0,9.5,80.0
189,5,1.0,8.5,40.0,2.5,95.0
189,6,1.0,5.25,50.0,2.0,90.0
189,7,1.0,2.0,80.0,9.0,20.0
189,8,0.0,15.0,77.0,13.75,85.0
189,9,1.0,10.0,10.0,3.0,65.0
189,10,0.0,11.0,30.0,5.0,65.0
189,11,0.0,6.5,50.0,3.0,95.0
189,12,0.0,15.0,60.0,8.0,65.0
189,13,0.0,15.0,40.0,17.5,34.0
189,14,0.0,13.0,70.0,8.0,84.0
190,0,1.0,13.0,70.0,8.0,84.0
190,1,0.0,10.25,68.0,9.5,80.0
190,2,1.0,2.0,80.0,9.0,20.0
190,3,1.0,4.0,80.0,20.0,20.0
190,4,1.0,8.5,40.0,2.5,95.0
190,5,1.0,20.0,30.0,12.5,48.0
190,6,1.0,16.0,90.0,18.0,80.0
190,7,1.0,7.0,75.0,15.5,30.0
190,8,0.0,10.0,10.0,3.0,65.0
190,9,0.0,15.0,40.0,17.5,34.0
190,10,1.0,6.5,50.0,3.0,95.0
190,11,1.0,5.25,50.0,2.0,90.0
190,12,0.0,12.0,20.0,6.0,60.0
190,13,1.0,20.0,50.0,17.0,60.0
190,14,1.0,15.0,77.0,13.75,85.0
190,15,1.0,4.0,97.0,16.0,33.0
190,16,0.0,8.0,65.0,15.0,60.0
190,17,1.0,15.0,60.0,8.0,65.0
190,18,0.0,18.5,45.0,9.0,90.0
190,19,0.0,11.0,30.0,5.0,65.0
191,0,1.0,2.0,80.0,9.0,20.0
191,1,1.0,4.0,97.0,16.0,33.0
191,2,0.0,15.0,40.0,17.5,34.0
191,3,1.0,20.0,50.0,17.0,60.0
191,4,0.0,6.5,50.0,3.0,95.0
191,5,0.0,10.25,68.0,9.5,80.0
191,6,0.0,10.0,10.0,3.0,65.0
191,7,0.0,18.5,45.0,9.0,90.0
191,8,0.0,20.0,30.0,12.5,48.0
191,9,1.0,7.0,75.0,15.5,30.0
191,10,1.0,4.0,80.0,20.0,20.0
191,11,1.0,15.0,60.0,8.0,65.0
191,12,0.0,8.5,40.0,2.5,95.0
191,13,0.0,11.0,30.0,5.0,65.0
191,14,1.0,16.0,90.0,18.0,80.0
191,15,0.0,13.0,70.0,8.0,84.0
191,16,0.0,8.0,65.0,15.0,60.0
191,17,0.0,12.0,20.0,6.0,60.0
191,18,0.0,5.25,50.0,2.0,90.0
191,19,0.0,15.0,77.0,13.75,85.0
192,0,0.0,8.5,40.0,2.5,95.0
192,1,1.0,4.0,80.0,20.0,20.0
192,2,1.0,7.0,75.0,15.5,30.0
192,3,0.0,8.0,65.0,15.0,60.0
192,4,1.0,4.0,97.0,16.0,33.0
192,5,0.0,13.0,70.0,8.0,84.0
192,6,0.0,15.0,40.0,17.5,34.0
192,7,1.0,15.0,60.0,8.0,65.0
192,8,0.0,18.5,45.0,9.0,90.0
192,9,1.0,20.0,50.0,17.0,60.0
192,10,1.0,2.0,80.0,9.0,20.0
192,11,1.0,16.0,90.0,18.0,80.0
192,12,0.0,20.0,30.0,12.5,48.0
192,13,0.0,10.0,10.0,3.0,65.0
192,14,0.0,15.0,77.0,13.75,85.0
192,15,0.0,12.0,20.0,6.0,60.0
192,16,0.0,6.5,50.0,3.0,95.0
192,17,0.0,10.25,68.0,9.5,80.0
192,18,0.0,5.25,50.0,2.0,90.0
193,0,0.0,16.0,90.0,18.0,80.0
193,1,0.0,18.5,45.0,9.0,90.0
193,2,1.0,2.0,80.0,9.0,20.0
193,3,0.0,10.0,10.0,3.0,65.0
193,4,0.0,15.0,40.0,17.5,34.0
193,5,0.0,15.0,77.0,13.75,85.0
193,6,1.0,20.0,30.0,12.5,48.0
193,7,1.0,15.0,60.0,8.0,65.0
193,8,0.0,8.5,40.0,2.5,95.0
193,9,0.0,10.25,68.0,9.5,80.0
193,10,1.0,5.25,50.0,2.0,90.0
193,11,0.0,6.5,50.0,3.0,95.0
193,12,1.0,4.0,97.0,16.0,33.0
193,13,0.0,11.0,30.0,5.0,65.0
193,14,0.0,12.0,20.0,6.0,60.0
193,15,0.0,8.0,65.0,15.0,60.0
193,16,1.0,20.0,50.0,17.0,60.0
193,17,1.0,13.0,70.0,8.0,84.0
193,18,1.0,4.0,80.0,20.0,20.0
193,19,1.0,7.0,75.0,15.5,30.0
194,0,0.0,10.25,68.0,9.5,80.0
194,1,1.0,15.0,77.0,13.75,85.0
194,2,1.0,2.0,80.0,9.0,20.0
194,3,0.0,12.0,20.0,6.0,60.0
194,4,1.0,15.0,60.0,8.0,65.0
194,5,0.0,10.0,10.0,3.0,65.0
194,6,1.0,7.0,75.0,15.5,30.0
194,7,1.0,20.0,50.0,17.0,60.0
194,8,0.0,4.0,80.0,20.0,20.0
194,9,0.0,5.25,50.0,2.0,90.0
194,10,1.0,16.0,90.0,18.0,80.0
194,11,0.0,8.5,40.0,2.5,95.0
194,12,0.0,15.0,40.0,17.5,34.0
194,13,0.0,8.0,65.0,15.0,60.0
194,14,1.0,13.0,70.0,8.0,84.0
194,15,1.0,20.0,30.0,12.5,48.0
194,16,0.0,18.5,45.0,9.0,90.0
194,17,0.0,6.5,50.0,3.0,95.0
194,18,1.0,4.0,97.0,16.0,33.0
194,19,0.0,11.0,30.0,5.0,65.0
195,0,1.0,15.0,60.0,8.0,65.0
195,1,1.0,18.5,45.0,9.0,90.0
195,2,1.0,20.0,30.0,12.5,48.0
195,3,0.0,2.0,80.0,9.0,20.0
195,4,1.0,6.5,50.0,3.0,95.0
195,5,0.0,4.0,97.0,16.0,33.0
195,6,0.0,15.0,40.0,17.5,34.0
195,7,0.0,16.0,90.0,18.0,80.0
195,8,1.0,8.5,40.0,2.5,95.0
195,9,0.0,7.0,75.0,15.5,30.0
195,10,1.0,10.0,10.0,3.0,65.0
195,11,0.0,4.0,80.0,20.0,20.0
195,12,1.0,12.0,20.0,6.0,60.0
195,13,1.0,13.0,70.0,8.0,84.0
195,14,1.0,20.0,50.0,17.0,60.0
195,15,1.0,15.0,77.0,13.75,85.0
195,16,1.0,10.25,68.0,9.5,80.0
195,17,0.0,8.0,65.0,15.0,60.0
195,18,1.0,5.25,50.0,2.0,90.0
195,19,0.0,11.0,30.0,5.0,65.0
196,0,0.0,15.0,40.0,17.5,34.0
196,1,0.0,4.0,80.0,20.0,20.0
196,2,1.0,7.0,75.0,15.5,30.0
196,3,1.0,8.5,40.0,2.5,95.0
196,4,1.0,20.0,30.0,12.5,48.0
196,5,1.0,20.0,50.0,17.0,60.0
196,6,1.0,15.0,60.0,8.0,65.0
196,7,0.0,12.0,20.0,6.0,60.0
196,8,0.0,10.0,10.0,3.0,65.0
196,9,1.0,15.0,77.0,13.75,85.0
196,10,1.0,5.25,50.0,2.0,90.0
196,11,1.0,11.0,30.0,5.0,65.0
196,12,1.0,16.0,90.0,18.0,80.0
196,13,0.0,8.0,65.0,15.0,60.0
196,14,0.0,4.0,97.0,16.0,33.0
196,15,0.0,10.25,68.0,9.5,80.0
196,16,0.0,18.5,45.0,9.0,90.0
196,17,0.0,6.5,50.0,3.0,95.0
196,18,1.0,13.0,70.0,8.0,84.0
196,19,0.0,2.0,80.0,9.0,20.0
197,0,0.0,4.0,97.0,16.0,33.0
197,1,0.0,5.25,50.0,2.0,90.0
197,2,1.0,16.0,90.0,18.0,80.0
197,3,0.0,20.0,50.0,17.0,60.0
197,4,0.0,4.0,80.0,20.0,20.0
197,5,0.0,12.0,20.0,6.0,60.0
197,6,0.0,7.0,75.0,15.5,30.0
197,7,1.0,10.0,10.0,3.0,65.0
197,8,1.0,18.5,45.0,9.0,90.0
197,9,0.0,10.25,68.0,9.5,80.0
197,10,1.0,15.0,40.0,17.5,34.0
197,11,1.0,8.5,40.0,2.5,95.0
197,12,0.0,15.0,77.0,13.75,85.0
197,13,1.0,15.0,60.0,8.0,65.0
197,14,1.0,13.0,70.0,8.0,84.0
197,15,0.0,2.0,80.0,9.0,20.0
197,16,1.0,6.5,50.0,3.0,95.0
197,17,0.0,20.0,30.0,12.5,48.0
197,18,0.0,8.0,65.0,15.0,60.0
198,0,0.0,10.0,10.0,3.0,65.0
198,1,0.0,2.0,80.0,9.0,20.0
198,2,1.0,15.0,60.0,8.0,65.0
198,3,0.0,4.0,97.0,16.0,33.0
198,4,0.0,6.5,50.0,3.0,95.0
198,5,0.0,15.0,77.0,13.75,85.0
198,6,1.0,13.0,70.0,8.0,84.0
198,7,1.0,5.25,50.0,2.0,90.0
198,8,0.0,7.0,75.0,15.5,30.0
198,9,0.0,11.0,30.0,5.0,65.0
198,10,0.0,18.5,45.0,9.0,90.0
198,11,0.0,4.0,80.0,20.0,20.0
198,12,0.0,10.25,68.0,9.5,80.0
198,13,0.0,8.0,65.0,15.0,60.0
198,14,1.0,12.0,20.0,6.0,60.0
198,15,0.0,8.5,40.0,2.5,95.0
198,16,1.0,16.0,90.0,18.0,80.0
199,0,0.0,10.0,10.0,3.0,65.0
199,1,1.0,4.0,80.0,20.0,20.0
199,2,1.0,15.0,77.0,13.75,85.0
199,3,1.0,20.0,30.0,12.5,48.0
199,4,1.0,20.0,50.0,17.0,60.0
199,5,1.0,4.0,97.0,16.0,33.0
199,6,0.0,8.5,40.0,2.5,95.0
199,7,0.0,12.0,20.0,6.0,60.0
199,8,0.0,2.0,80.0,9.0,20.0
199,9,1.0,13.0,70.0,8.0,84.0
199,10,1.0,5.25,50.0,2.0,90.0
199,11,1.0,11.0,30.0,5.0,65.0
199,12,0.0,6.5,50.0,3.0,95.0
199,13,1.0,15.0,60.0,8.0,65.0
199,14,1.0,7.0,75.0,15.5,30.0
199,15,0.0,10.25,68.0,9.5,80.0
199,16,1.0,16.0,90.0,18.0,80.0
199,17,1.0,15.0,40.0,17.5,34.0
199,18,0.0,8.0,65.0,15.0,60.0
199,19,0.0,18.5,45.0,9.0,90.0
200,0,0.0,15.0,77.0,13.75,85.0
200,1,1.0,10.25,68.0,9.5,80.0
200,2,1.0,2.0,80.0,9.0,20.0
200,3,1.0,4.0,80.0,20.0,20.0
200,4,1.0,8.5,40.0,2.5,95.0
200,5,1.0,7.0,75.0,15.5,30.0
200,6,1.0,15.0,60.0,8.0,65.0
200,7,1.0,11.0,30.0,5.0,65.0
200,8,0.0,20.0,50.0,17.0,60.0
200,9,0.0,13.0,70.0,8.0,84.0
200,10,1.0,16.0,90.0,18.0,80.0
200,11,0.0,18.5,45.0,9.0,90.0
200,12,1.0,15.0,40.0,17.5,34.0
200,13,0.0,5.25,50.0,2.0,90.0
200,14,0.0,20.0,30.0,12.5,48.0
200,15,1.0,4.0,97.0,16.0,33.0
200,16,1.0,10.0,10.0,3.0,65.0
200,17,0.0,12.0,20.0,6.0,60.0
200,18,0.0,8.0,65.0,15.0,60.0
200,19,0.0,6.5,50.0,3.0,95.0
201,0,0.0,10.25,68.0,9.5,80.0
201,1,1.0,2.0,80.0,9.0,20.0
201,2,0.0,16.0,90.0,18.0,80.0
201,3,0.0,12.0,20.0,6.0,60.0
201,4,0.0,18.5,45.0,9.0,90.0
201,5,0.0,20.0,30.0,12.5,48.0
201,6,1.0,15.0,60.0,8.0,65.0
201,7,1.0,15.0,40.0,17.5,34.0
201,8,1.0,7.0,75.0,15.5,30.0
201,9,0.0,20.0,50.0,17.0,60.0
201,10,0.0,5.25,50.0,2.0,90.0
201,11,0.0,11.0,30.0,5.0,65.0
201,12,0.0,10.0,10.0,3.0,65.0
201,13,0.0,8.0,65.0,15.0,60.0
201,14,1.0,13.0,70.0,8.0,84.0
201,15,1.0,15.0,77.0,13.75,85.0
201,16,0.0,4.0,80.0,20.0,20.0
201,17,0.0,6.5,50.0,3.0,95.0
201,18,0.0,8.5,40.0,2.5,95.0
201,19,1.0,4.0,97.0,16.0,33.0
202,0,0.0,18.5,45.0,9.0,90.0
202,1,1.0,15.0,40.0,17.5,34.0
202,2,1.0,13.0,70.0,8.0,84.0
202,3,0.0,8.0,65.0,15.0,60.0
202,4,0.0,12.0,20.0,6.0,60.0
202,5,0.0,15.0,77.0,13.75,85.0
202,6,0.0,10.25,68.0,9.5,80.0
202,7,0.0,5.25,50.0,2.0,90.0
202,8,1.0,16.0,90.0,18.0,80.0
202,9,1.0,2.0,80.0,9.0,20.0
202,10,0.0,4.0,97.0,16.0,33.0
202,11,0.0,20.0,50.0,17.0,60.0
202,12,0.0,4.0,80.0,20.0,20.0
202,13,0.0,10.0,10.0,3.0,65.0
202,14,0.0,6.5,50.0,3.0,95.0
202,15,1.0,20.0,30.0,12.5,48.0
202,16,1.0,7.0,75.0,15.5,30.0
202,17,1.0,15.0,60.0,8.0,65.0
202,18,0.0,11.0,30.0,5.0,65.0
203,0,1.0,10.25,68.0,9.5,80.0
203,1,1.0,15.0,60.0,8.0,65.0
203,2,0.0,12.0,20.0,6.0,60.0
203,3,1.0,11.0,30.0,5.0,65.0
203,4,1.0,4.0,80.0,20.0,20.0
203,5,1.0,4.0,97.0,16.0,33.0
203,6,0.0,10.0,10.0,3.0,65.0
203,7,0.0,2.0,80.0,9.0,20.0
203,8,1.0,5.25,50.0,2.0,90.0
203,9,1.0,7.0,75.0,15.5,30.0
203,10,1.0,6.5,50.0,3.0,95.0
203,11,1.0,8.5,40.0,2.5,95.0
203,12,1.0,15.0,40.0,17.5,34.0
203,13,1.0,20.0,50.0,17.0,60.0
203,14,0.0,8.0,65.0,15.0,60.0
203,15,1.0,18.5,45.0,9.0,90.0
203,16,1.0,16.0,90.0,18.0,80.0
203,17,1.0,13.0,70.0,8.0,84.0
203,18,0.0,20.0,30.0,12.5,48.0
203,19,1.0,15.0,77.0,13.75,85.0
204,0,0.0,15.0,77.0,13.75,85.0
204,1,0.0,5.25,50.0,2.0,90.0
204,2,0.0,18.5,45.0,9.0,90.0
204,3,0.0,11.0,30.0,5.0,65.0
204,4,0.0,13.0,70.0,8.0,84.0
204,5,1.0,7.0,75.0,15.5,30.0
204,6,0.0,15.0,60.0,8.0,65.0
204,7,1.0,16.0,90.0,18.0,80.0
204,8,0.0,8.5,40.0,2.5,95.0
204,9,0.0,20.0,30.0,12.5,48.0
204,10,0.0,8.0,65.0,15.0,60.0
204,11,1.0,20.0,50.0,17.0,60.0
204,12,1.0,4.0,80.0,20.0,20.0
204,13,1.0,15.0,40.0,17.5,34.0
204,14,1.0,2.0,80.0,9.0,20.0
204,15,0.0,12.0,20.0,6.0,60.0
204,16,0.0,10.25,68.0,9.5,80.0
204,17,0.0,6.5,50.0,3.0,95.0
204,18,0.0,10.0,10.0,3.0,65.0
204,19,1.0,4.0,97.0,16.0,33.0
205,0,0.0,6.5,50.0,3.0,95.0
205,1,0.0,5.25,50.0,2.0,90.0
205,2,0.0,15.0,77.0,13.75,85.0
205,3,1.0,4.0,97.0,16.0,33.0
205,4,1.0,15.0,40.0,17.5,34.0
205,5,0.0,10.0,10.0,3.0,65.0
205,6,0.0,18.5,45.0,9.0,90.0
205,7,0.0,12.0,20.0,6.0,60.0
205,8,0.0,8.0,65.0,15.0,60.0
205,9,1.0,16.0,90.0,18.0,80.0
205,10,1.0,15.0,60.0,8.0,65.0
205,11,0.0,13.0,70.0,8.0,84.0
205,12,0.0,11.0,30.0,5.0,65.0
205,13,1.0,2.0,80.0,9.0,20.0
205,14,0.0,10.25,68.0,9.5,80.0
205,15,0.0,4.0,80.0,20.0,20.0
205,16,1.0,7.0,75.0,15.5,30.0
205,17,0.0,20.0,50.0,17.0,60.0
205,18,0.0,8.5,40.0,2.5,95.0
205,19,1.0,20.0,30.0,12.5,48.0
206,0,0.0,2.0,80.0,9.0,20.0
206,1,0.0,12.0,20.0,6.0,60.0
206,2,1.0,18.5,45.0,9.0,90.0
206,3,0.0,10.0,10.0,3.0,65.0
206,4,0.0,15.0,77.0,13.75,85.0
206,5,1.0,13.0,70.0,8.0,84.0
206,6,1.0,15.0,60.0,8.0,65.0
206,7,0.0,6.5,50.0,3.0,95.0
206,8,0.0,4.0,97.0,16.0,33.0
206,9,1.0,20.0,30.0,12.5,48.0
206,10,1.0,20.0,50.0,17.0,60.0
206,11,1.0,7.0,75.0,15.5,30.0
206,12,0.0,8.0,65.0,15.0,60.0
206,13,0.0,5.25,50.0,2.0,90.0
206,14,0.0,15.0,40.0,17.5,34.0
206,15,1.0,4.0,80.0,20.0,20.0
206,16,1.0,11.0,30.0,5.0,65.0
206,17,0.0,8.5,40.0,2.5,95.0
206,18,1.0,16.0,90.0,18.0,80.0
207,0,0.0,12.0,20.0,6.0,60.0
207,1,1.0,4.0,80.0,20.0,20.0
207,2,0.0,8.0,65.0,15.0,60.0
207,3,1.0,16.0,90.0,18.0,80.0
207,4,0.0,15.0,60.0,8.0,65.0
207,5,0.0,8.5,40.0,2.5,95.0
207,6,0.0,10.25,68.0,9.5,80.0
207,7,0.0,4.0,97.0,16.0,33.0
207,8,0.0,2.0,80.0,9.0,20.0
207,9,0.0,18.5,45.0,9.0,90.0
207,10,0.0,15.0,77.0,13.75,85.0
207,11,0.0,20.0,50.0,17.0,60.0
207,12,0.0,11.0,30.0,5.0,65.0
207,13,0.0,7.0,75.0,15.5,30.0
207,14,1.0,15.0,40.0,17.5,34.0
207,15,1.0,20.0,30.0,12.5,48.0
208,0,1.0,7.0,75.0,15.5,30.0
208,1,1.0,16.0,90.0,18.0,80.0
208,2,0.0,12.0,20.0,6.0,60.0
208,3,0.0,10.25,68.0,9.5,80.0
208,4,1.0,8.5,40.0,2.5,95.0
208,5,0.0,20.0,50.0,17.0,60.0
208,6,1.0,13.0,70.0,8.0,84.0
208,7,1.0,4.0,97.0,16.0,33.0
208,8,1.0,2.0,80.0,9.0,20.0
208,9,1.0,20.0,30.0,12.5,48.0
208,10,0.0,8.0,65.0,15.0,60.0
208,11,0.0,10.0,10.0,3.0,65.0
208,12,0.0,6.5,50.0,3.0,95.0
208,13,1.0,15.0,60.0,8.0,65.0
208,14,0.0,4.0,80.0,20.0,20.0
208,15,0.0,5.25,50.0,2.0,90.0
208,16,1.0,15.0,40.0,17.5,34.0
208,17,0.0,18.5,45.0,9.0,90.0
208,18,0.0,11.0,30.0,5.0,65.0
208,19,0.0,15.0,77.0,13.75,85.0
209,0,1.0,15.0,77.0,13.75,85.0
209,1,0.0,6.5,50.0,3.0,95.0
209,2,0.0,10.0,10.0,3.0,65.0
209,3,0.0,11.0,30.0,5.0,65.0
209,4,0.0,10.25,68.0,9.5,80.0
209,5,0.0,18.5,45.0,9.0,90.0
209,6,0.0,16.0,90.0,18.0,80.0
209,7,1.0,20.0,30.0,12.5,48.0
209,8,1.0,15.0,40.0,17.5,34.0
209,9,0.0,5.25,50.0,2.0,90.0
209,10,0.0,8.0,65.0,15.0,60.0
209,11,0.0,13.0,70.0,8.0,84.0
209,12,0.0,20.0,50.0,17.0,60.0
209,13,0.0,12.0,20.0,6.0,60.0
209,14,1.0,4.0,97.0,16.0,33.0
209,15,1.0,15.0,60.0,8.0,65.0
209,16,0.0,8.5,40.0,2.5,95.0
209,17,1.0,4.0,80.0,20.0,20.0
209,18,1.0,2.0,80.0,9.0,20.0
209,19,1.0,7.0,75.0,15.5,30.0
210,0,0.0,5.25,50.0,2.0,90.0
210,1,0.0,11.0,30.0,5.0,65.0
210,2,0.0,12.0,20.0,6.0,60.0
210,3,0.0,6.5,50.0,3.0,95.0
210,4,0.0,20.0,50.0,17.0,60.0
210,5,1.0,7.0,75.0,15.5,30.0
210,6,0.0,20.0,30.0,12.5,48.0
210,7,1.0,16.0,90.0,18.0,80.0
210,8,1.0,2.0,80.0,9.0,20.0
210,9,1.0,15.0,60.0,8.0,65.0
210,10,1.0,15.0,40.0,17.5,34.0
210,11,1.0,18.5,45.0,9.0,90.0
210,12,0.0,10.25,68.0,9.5,80.0
210,13,1.0,4.0,97.0,16.0,33.0
210,14,0.0,10.0,10.0,3.0,65.0
211,0,0.0,10.25,68.0,9.5,80.0
211,1,1.0,20.0,30.0,12.5,48.0
211,2,1.0,15.0,60.0,8.0,65.0
211,3,0.0,11.0,30.0,5.0,65.0
211,4,0.0,4.0,80.0,20.0,20.0
211,5,0.0,8.0,65.0,15.0,60.0
211,6,0.0,7.0,75.0,15.5,30.0
211,7,0.0,18.5,45.0,9.0,90.0
211,8,1.0,12.0,20.0,6.0,60.0
211,9,1.0,13.0,70.0,8.0,84.0
211,10,1.0,4.0,97.0,16.0,33.0
211,11,1.0,20.0,50.0,17.0,60.0
211,12,1.0,15.0,40.0,17.5,34.0
211,13,0.0,16.0,90.0,18.0,80.0
211,14,0.0,6.5,50.0,3.0,95.0
211,15,0.0,2.0,80.0,9.0,20.0
211,16,0.0,8.5,40.0,2.5,95.0
211,17,0.0,15.0,77.0,13.75,85.0
211,18,0.0,10.0,10.0,3.0,65.0
211,19,0.0,5.25,50.0,2.0,90.0
212,0,0.0,20.0,50.0,17.0,60.0
212,1,0.0,6.5,50.0,3.0,95.0
212,2,0.0,10.25,68.0,9.5,80.0
212,3,0.0,13.0,70.0,8.0,84.0
212,4,0.0,20.0,30.0,12.5,48.0
212,5,1.0,2.0,80.0,9.0,20.0
212,6,1.0,10.0,10.0,3.0,65.0
212,7,0.0,15.0,60.0,8.0,65.0
212,8,0.0,18.5,45.0,9.0,90.0
212,9,0.0,12.0,20.0,6.0,60.0
212,10,1.0,4.0,80.0,20.0,20.0
212,11,0.0,8.5,40.0,2.5,95.0
212,12,1.0,11.0,30.0,5.0,65.0
212,13,1.0,4.0,97.0,16.0,33.0
212,14,1.0,8.0,65.0,15.0,60.0
212,15,1.0,16.0,90.0,18.0,80.0
212,16,1.0,15.0,40.0,17.5,34.0
212,17,1.0,7.0,75.0,15.5,30.0
212,18,0.0,5.25,50.0,2.0,90.0
212,19,0.0,15.0,77.0,13.75,85.0
213,0,1.0,13.0,70.0,8.0,84.0
213,1,1.0,11.0,30.0,5.0,65.0
213,2,1.0,8.5,40.0,2.5,95.0
213,3,0.0,20.0,50.0,17.0,60.0
213,4,1.0,10.0,10.0,3.0,65.0
213,5,1.0,7.0,75.0,15.5,30.0
213,6,0.0,2.0,80.0,9.0,20.0
213,7,1.0,18.5,45.0,9.0,90.0
213,8,0.0,4.0,80.0,20.0,20.0
213,9,1.0,15.0,40.0,17.5,34.0
213,10,1.0,12.0,20.0,6.0,60.0
213,11,1.0,6.5,50.0,3.0,95.0
213,12,0.0,4.0,97.0,16.0,33.0
213,13,0.0,16.0,90.0,18.0,80.0
213,14,1.0,15.0,60.0,8.0,65.0
213,15,0.0,10.25,68.0,9.5,80.0
213,16,1.0,20.0,30.0,12.5,48.0
213,17,0.0,15.0,77.0,13.75,85.0
213,18,0.0,5.25,50.0,2.0,90.0
213,19,0.0,8.0,65.0,15.0,60.0
214,0,1.0,18.5,45.0,9.0,90.0
214,1,0.0,8.0,65.0,15.0,60.0
214,2,0.0,2.0,80.0,9.0,20.0
214,3,0.0,4.0,80.0,20.0,20.0
214,4,1.0,8.5,40.0,2.5,95.0
214,5,1.0,11.0,30.0,5.0,65.0
214,6,1.0,7.0,75.0,15.5,30.0
214,7,0.0,10.0,10.0,3.0,65.0
214,8,1.0,4.0,97.0,16.0,33.0
214,9,1.0,15.0,60.0,8.0,65.0
214,10,0.0,10.25,68.0,9.5,80.0
214,11,1.0,15.0,40.0,17.5,34.0
214,12,1.0,13.0,70.0,8.0,84.0
214,13,0.0,6.5,50.0,3.0,95.0
214,14,0.0,15.0,77.0,13.75,85.0
214,15,1.0,20.0,30.0,12.5,48.0
214,16,1.0,16.0,90.0,18.0,80.0
214,17,1.0,12.0,20.0,6.0,60.0
214,18,1.0,5.25,50.0,2.0,90.0
214,19,1.0,20.0,50.0,17.0,60.0
215,0,0.0,15.0,77.0,13.75,85.0
215,1,1.0,15.0,40.0,17.5,34.0
215,2,0.0,20.0,50.0,17.0,60.0
215,3,1.0,12.0,20.0,6.0,60.0
215,4,1.0,13.0,70.0,8.0,84.0
215,5,1.0,5.25,50.0,2.0,90.0
215,6,0.0,2.0,80.0,9.0,20.0
215,7,1.0,6.5,50.0,3.0,95.0
215,8,0.0,4.0,80.0,20.0,20.0
215,9,0.0,10.25,68.0,9.5,80.0
215,10,1.0,20.0,30.0,12.5,48.0
215,11,1.0,7.0,75.0,15.5,30.0
215,12,0.0,4.0,97.0,16.0,33.0
215,13,1.0,11.0,30.0,5.0,65.0
215,14,1.0,15.0,60.0,8.0,65.0
215,15,0.0,8.0,65.0,15.0,60.0
215,16,1.0,10.0,10.0,3.0,65.0
215,17,1.0,16.0,90.0,18.0,80.0
216,0,1.0,12.0,20.0,6.0,60.0
216,1,0.0,8.0,65.0,15.0,60.0
216,2,0.0,11.0,30.0,5.0,65.0
216,3,1.0,15.0,60.0,8.0,65.0
216,4,1.0,20.0,30.0,12.5,48.0
216,5,1.0,5.25,50.0,2.0,90.0
216,6,0.0,4.0,97.0,16.0,33.0
216,7,1.0,20.0,50.0,17.0,60.0
216,8,0.0,2.0,80.0,9.0,20.0
216,9,1.0,18.5,45.0,9.0,90.0
216,10,0.0,10.25,68.0,9.5,80.0
216,11,1.0,15.0,40.0,17.5,34.0
216,12,1.0,13.0,70.0,8.0,84.0
216,13,0.0,4.0,80.0,20.0,20.0
216,14,0.0,7.0,75.0,15.5,30.0
216,15,1.0,8.5,40.0,2.5,95.0
216,16,1.0,16.0,90.0,18.0,80.0
216,17,1.0,6.5,50.0,3.0,95.0
216,18,0.0,15.0,77.0,13.75,85.0
217,0,1.0,5.25,50.0,2.0,90.0
217,1,0.0,12.0,20.0,6.0,60.0
217,2,0.0,20.0,50.0,17.0,60.0
217,3,1.0,15.0,40.0,17.5,34.0
217,4,1.0,10.25,68.0,9.5,80.0
217,5,1.0,6.5,50.0,3.0,95.0
217,6,1.0,4.0,97.0,16.0,33.0
217,7,1.0,16.0,90.0,18.0,80.0
217,8,1.0,8.5,40.0,2.5,95.0
217,9,1.0,18.5,45.0,9.0,90.0
217,10,1.0,7.0,75.0,15.5,30.0
217,11,1.0,13.0,70.0,8.0,84.0
217,12,0.0,20.0,30.0,12.5,48.0
217,13,1.0,4.0,80.0,20.0,20.0
217,14,0.0,8.0,65.0,15.0,60.0
217,15,0.0,10.0,10.0,3.0,65.0
217,16,1.0,11.0,30.0,5.0,65.0
217,17,1.0,15.0,77.0,13.75,85.0
217,18,1.0,2.0,80.0,9.0,20.0
217,19,1.0,15.0,60.0,8.0,65.0
218,0,0.0,15.0,77.0,13.75,85.0
218,1,0.0,18.5,45.0,9.0,90.0
218,2,1.0,13.0,70.0,8.0,84.0
218,3,0.0,11.0,30.0,5.0,65.0
218,4,1.0,2.0,80.0,9.0,20.0
218,5,1.0,15.0,40.0,17.5,34.0
218,6,0.0,20.0,50.0,17.0,60.0
218,7,1.0,4.0,97.0,16.0,33.0
218,8,1.0,15.0,60.0,8.0,65.0
218,9,0.0,8.5,40.0,2.5,95.0
218,10,1.0,7.0,75.0,15.5,30.0
218,11,0.0,10.25,68.0,9.5,80.0
218,12,1.0,4.0,80.0,20.0,20.0
218,13,0.0,8.0,65.0,15.0,60.0
218,14,0.0,6.5,50.0,3.0,95.0
218,15,0.0,10.0,10.0,3.0,65.0
218,16,0.0,12.0,20.0,6.0,60.0
218,17,1.0,16.0,90.0,18.0,80.0
218,18,0.0,5.25,50.0,2.0,90.0
218,19,1.0,20.0,30.0,12.5,48.0
219,0,1.0,20.0,30.0,12.5,48.0
219,1,0.0,11.0,30.0,5.0,65.0
219,2,1.0,6.5,50.0,3.0,95.0
219,3,0.0,10.25,68.0,9.5,80.0
219,4,1.0,16.0,90.0,18.0,80.0
219,5,0.0,12.0,20.0,6.0,60.0
219,6,1.0,2.0,80.0,9.0,20.0
219,7,0.0,8.0,65.0,15.0,60.0
219,8,1.0,20.0,50.0,17.0,60.0
219,9,1.0,15.0,77.0,13.75,85.0
219,10,1.0,4.0,80.0,20.0,20.0
219,11,0.0,15.0,40.0,17.5,34.0
219,12,0.0,5.25,50.0,2.0,90.0
219,13,1.0,4.0,97.0,16.0,33.0
219,14,0.0,8.5,40.0,2.5,95.0
219,15,1.0,13.0,70.0,8.0,84.0
219,16,0.0,7.0,75.0,15.5,30.0
220,0,1.0,20.0,30.0,12.5,48.0
220,1,1.0,6.5,50.0,3.0,95.0
220,2,0.0,4.0,97.0,16.0,33.0
220,3,1.0,5.25,50.0,2.0,90.0
220,4,0.0,7.0,75.0,15.5,30.0
220,5,0.0,11.0,30.0,5.0,65.0
220,6,1.0,15.0,60.0,8.0,65.0
220,7,0.0,15.0,40.0,17.5,34.0
220,8,1.0,18.5,45.0,9.0,90.0
220,9,0.0,10.0,10.0,3.0,65.0
220,10,0.0,8.0,65.0,15.0,60.0
220,11,0.0,20.0,50.0,17.0,60.0
220,12,0.0,12.0,20.0,6.0,60.0
220,13,1.0,16.0,90.0,18.0,80.0
220,14,0.0,4.0,80.0,20.0,20.0
220,15,1.0,13.0,70.0,8.0,84.0
220,16,0.0,10.25,68.0,9.5,80.0
220,17,0.0,15.0,77.0,13.75,85.0
220,18,1.0,2.0,80.0,9.0,20.0
220,19,1.0,8.5,40.0,2.5,95.0
221,0,0.0,8.0,65.0,15.0,60.0
221,1,0.0,10.25,68.0,9.5,80.0
221,2,1.0,16.0,90.0,18.0,80.0
221,3,1.0,2.0,80.0,9.0,20.0
221,4,1.0,20.0,50.0,17.0,60.0
221,5,1.0,13.0,70.0,8.0,84.0
221,6,0.0,8.5,40.0,2.5,95.0
221,7,1.0,4.0,97.0,16.0,33.0
221,8,0.0,10.0,10.0,3.0,65.0
221,9,0.0,12.0,20.0,6.0,60.0
221,10,0.0,15.0,77.0,13.75,85.0
221,11,0.0,18.5,45.0,9.0,90.0
221,12,1.0,15.0,60.0,8.0,65.0
221,13,1.0,7.0,75.0,15.5,30.0
221,14,1.0,15.0,40.0,17.5,34.0
221,15,0.0,6.5,50.0,3.0,95.0
221,16,0.0,4.0,80.0,20.0,20.0
221,17,0.0,11.0,30.0,5.0,65.0
221,18,0.0,5.25,50.0,2.0,90.0
222,0,1.0,8.5,40.0,2.5,95.0
222,1,1.0,16.0,90.0,18.0,80.0
222,2,1.0,15.0,60.0,8.0,65.0
222,3,0.0,20.0,30.0,12.5,48.0
222,4,1.0,4.0,97.0,16.0,33.0
222,5,0.0,8.0,65.0,15.0,60.0
222,6,0.0,10.0,10.0,3.0,65.0
222,7,0.0,11.0,30.0,5.0,65.0
222,8,1.0,4.0,80.0,20.0,20.0
222,9,1.0,6.5,50.0,3.0,95.0
222,10,1.0,5.25,50.0,2.0,90.0
222,11,1.0,7.0,75.0,15.5,30.0
222,12,0.0,15.0,40.0,17.5,34.0
222,13,1.0,10.25,68.0,9.5,80.0
222,14,0.0,2.0,80.0,9.0,20.0
222,15,0.0,20.0,50.0,17.0,60.0
222,16,1.0,18.5,45.0,9.0,90.0
222,17,0.0,12.0,20.0,6.0,60.0
222,18,0.0,13.0,70.0,8.0,84.0
222,19,1.0,15.0,77.0,13.75,85.0
223,0,1.0,6.5,50.0,3.0,95.0
223,1,1.0,10.0,10.0,3.0,65.0
223,2,1.0,13.0,70.0,8.0,84.0
223,3,1.0,5.25,50.0,2.0,90.0
223,4,1.0,15.0,60.0,8.0,65.0
223,5,0.0,4.0,97.0,16.0,33.0
223,6,0.0,20.0,50.0,17.0,60.0
223,7,1.0,18.5,45.0,9.0,90.0
223,8,1.0,8.5,40.0,2.5,95.0
223,9,0.0,2.0,80.0,9.0,20.0
223,10,1.0,20.0,30.0,12.5,48.0
223,11,0.0,8.0,65.0,15.0,60.0
223,12,0.0,4.0,80.0,20.0,20.0
223,13,1.0,15.0,40.0,17.5,34.0
223,14,1.0,11.0,30.0,5.0,65.0
223,15,0.0,15.0,77.0,13.75,85.0
223,16,0.0,10.25,68.0,9.5,80.0
223,17,1.0,16.0,90.0,18.0,80.0
223,18,0.0,12.0,20.0,6.0,60.0
223,19,0.0,7.0,75.0,15.5,30.0
224,0,0.0,18.5,45.0,9.0,90.0
224,1,1.0,15.0,40.0,17.5,34.0
224,2,1.0,4.0,97.0,16.0,33.0
224,3,1.0,10.0,10.0,3.0,65.0
224,4,0.0,15.0,77.0,13.75,85.0
224,5,0.0,15.0,60.0,8.0,65.0
224,6,1.0,5.25,50.0,2.0,90.0
224,7,0.0,20.0,30.0,12.5,48.0
224,8,1.0,13.0,70.0,8.0,84.0
224,9,0.0,11.0,30.0,5.0,65.0
224,10,1.0,4.0,80.0,20.0,20.0
224,11,1.0,16.0,90.0,18.0,80.0
224,12,1.0,8.0,65.0,15.0,60.0
224,13,0.0,12.0,20.0,6.0,60.0
224,14,0.0,2.0,80.0,9.0,20.0
224,15,1.0,20.0,50.0,17.0,60.0
224,16,0.0,7.0,75.0,15.5,30.0
224,17,1.0,8.5,40.0,2.5,95.0
224,18,0.0,6.5,50.0,3.0,95.0
224,19,1.0,10.25,68.0,9.5,80.0
225,0,0.0,20.0,30.0,12.5,48.0
225,1,0.0,10.0,10.0,3.0,65.0
225,2,0.0,5.25,50.0,2.0,90.0
225,3,0.0,6.5,50.0,3.0,95.0
225,4,0.0,11.0,30.0,5.0,65.0
225,5,1.0,4.0,80.0,20.0,20.0
225,6,1.0,4.0,97.0,16.0,33.0
225,7,0.0,10.25,68.0,9.5,80.0
225,8,0.0,15.0,40.0,17.5,34.0
225,9,1.0,20.0,50.0,17.0,60.0
225,10,1.0,2.0,80.0,9.0,20.0
225,11,0.0,15.0,77.0,13.75,85.0
225,12,0.0,16.0,90.0,18.0,80.0
225,13,1.0,7.0,75.0,15.5,30.0
225,14,0.0,8.0,65.0,15.0,60.0
225,15,0.0,18.5,45.0,9.0,90.0
225,16,1.0,15.0,60.0,8.0,65.0
225,17,0.0,8.5,40.0,2.5,95.0
225,18,0.0,12.0,20.0,6.0,60.0
226,0,0.0,5.25,50.0,2.0,90.0
226,1,1.0,2.0,80.0,9.0,20.0
226,2,0.0,8.5,40.0,2.5,95.0
226,3,0.0,10.0,10.0,3.0,65.0
226,4,1.0,20.0,30.0,12.5,48.0
226,5,0.0,18.5,45.0,9.0,90.0
226,6,1.0,4.0,97.0,16.0,33.0
226,7,1.0,15.0,60.0,8.0,65.0
226,8,1.0,20.0,50.0,17.0,60.0
226,9,0.0,10.25,68.0,9.5,80.0
226,10,0.0,13.0,70.0,8.0,84.0
226,11,0.0,11.0,30.0,5.0,65.0
226,12,0.0,16.0,90.0,18.0,80.0
226,13,1.0,15.0,77.0,13.75,85.0
226,14,1.0,4.0,80.0,20.0,20.0
226,15,1.0,15.0,40.0,17.5,34.0
226,16,0.0,8.0,65.0,15.0,60.0
227,0,0.0,4.0,97.0,16.0,33.0
227,1,1.0,8.5,40.0,2.5,95.0
227,2,0.0,8.0,65.0,15.0,60.0
227,3,0.0,10.0,10.0,3.0,65.0
227,4,0.0,20.0,50.0,17.0,60.0
227,5,0.0,10.25,68.0,9.5,80.0
227,6,0.0,2.0,80.0,9.0,20.0
227,7,1.0,13.0,70.0,8.0,84.0
227,8,1.0,16.0,90.0,18.0,80.0
227,9,1.0,5.25,50.0,2.0,90.0
227,10,1.0,18.5,45.0,9.0,90.0
227,11,0.0,4.0,80.0,20.0,20.0
227,12,1.0,15.0,77.0,13.75,85.0
227,13,1.0,15.0,40.0,17.5,34.0
227,14,1.0,6.5,50.0,3.0,95.0
227,15,0.0,20.0,30.0,12.5,48.0
227,16,1.0,15.0,60.0,8.0,65.0
227,17,0.0,12.0,20.0,6.0,60.0
228,0,0.0,4.0,97.0,16.0,33.0
228,1,0.0,4.0,80.0,20.0,20.0
228,2,1.0,10.25,68.0,9.5,80.0
228,3,0.0,11.0,30.0,5.0,65.0
228,4,1.0,12.0,20.0,6.0,60.0
228,5,0.0,7.0,75.0,15.5,30.0
228,6,0.0,6.5,50.0,3.0,95.0
228,7,1.0,18.5,45.0,9.0,90.0
228,8,1.0,15.0,60.0,8.0,65.0
228,9,1.0,2.0,80.0,9.0,20.0
228,10,1.0,16.0,90.0,18.0,80.0
228,11,1.0,15.0,40.0,17.5,34.0
228,12,1.0,20.0,50.0,17.0,60.0
228,13,1.0,15.0,77.0,13.75,85.0
228,14,1.0,10.0,10.0,3.0,65.0
228,15,1.0,20.0,30.0,12.5,48.0
228,16,1.0,13.0,70.0,8.0,84.0
228,17,0.0,8.0,65.0,15.0,60.0
228,18,1.0,5.25,50.0,2.0,90.0
228,19,1.0,8.5,40.0,2.5,95.0
229,0,0.0,18.5,45.0,9.0,90.0
229,1,0.0,8.0,65.0,15.0,60.0
229,2,0.0,5.25,50.0,2.0,90.0
229,3,0.0,13.0,70.0,8.0,84.0
229,4,1.0,11.0,30.0,5.0,65.0
229,5,1.0,4.0,97.0,16.0,33.0
229,6,1.0,7.0,75.0,15.5,30.0
229,7,1.0,2.0,80.0,9.0,20.0
229,8,0.0,10.25,68.0,9.5,80.0
229,9,0.0,12.0,20.0,6.0,60.0
229,10,1.0,15.0,60.0,8.0,65.0
229,11,0.0,8.5,40.0,2.5,95.0
229,12,1.0,15.0,40.0,17.5,34.0
229,13,0.0,20.0,30.0,12.5,48.0
229,14,1.0,16.0,90.0,18.0,80.0
229,15,0.0,10.0,10.0,3.0,65.0
230,0,1.0,15.0,60.0,8.0,65.0
230,1,0.0,5.25,50.0,2.0,90.0
230,2,0.0,10.0,10.0,3.0,65.0
230,3,1.0,15.0,40.0,17.5,34.0
230,4,0.0,11.0,30.0,5.0,65.0
230,5,1.0,6.5,50.0,3.0,95.0
230,6,0.0,20.0,30.0,12.5,48.0
230,7,0.0,12.0,20.0,6.0,60.0
230,8,1.0,13.0,70.0,8.0,84.0
230,9,1.0,8.5,40.0,2.5,95.0
230,10,1.0,4.0,80.0,20.0,20.0
230,11,1.0,4.0,97.0,16.0,33.0
230,12,0.0,10.25,68.0,9.5,80.0
230,13,0.0,20.0,50.0,17.0,60.0
230,14,1.0,15.0,77.0,13.75,85.0
230,15,0.0,2.0,80.0,9.0,20.0
230,16,1.0,16.0,90.0,18.0,80.0
230,17,1.0,7.0,75.0,15.5,30.0
231,0,0.0,6.5,50.0,3.0,95.0
231,1,1.0,15.0,40.0,17.5,34.0
231,2,0.0,18.5,45.0,9.0,90.0
231,3,0.0,20.0,50.0,17.0,60.0
231,4,1.0,4.0,97.0,16.0,33.0
231,5,0.0,10.25,68.0,9.5,80.0
231,6,0.0,4.0,80.0,20.0,20.0
231,7,0.0,8.5,40.0,2.5,95.0
231,8,0.0,11.0,30.0,5.0,65.0
231,9,0.0,5.25,50.0,2.0,90.0
231,10,0.0,13.0,70.0,8.0,84.0
231,11,1.0,15.0,60.0,8.0,65.0
231,12,0.0,12.0,20.0,6.0,60.0
231,13,1.0,16.0,90.0,18.0,80.0
231,14,1.0,2.0,80.0,9.0,20.0
231,15,0.0,10.0,10.0,3.0,65.0
231,16,1.0,7.0,75.0,15.5,30.0
231,17,0.0,8.0,65.0,15.0,60.0
231,18,0.0,15.0,77.0,13.75,85.0
231,19,0.0,20.0,30.0,12.5,48.0
232,0,1.0,13.0,70.0,8.0,84.0
232,1,1.0,20.0,50.0,17.0,60.0
232,2,1.0,2.0,80.0,9.0,20.0
232,3,1.0,4.0,97.0,16.0,33.0
232,4,0.0,20.0,30.0,12.5,48.0
232,5,0.0,11.0,30.0,5.0,65.0
232,6,0.0,15.0,40.0,17.5,34.0
232,7,0.0,8.5,40.0,2.5,95.0
232,8,0.0,10.25,68.0,9.5,80.0
232,9,1.0,7.0,75.0,15.5,30.0
232,10,0.0,18.5,45.0,9.0,90.0
232,11,0.0,12.0,20.0,6.0,60.0
232,12,0.0,10.0,10.0,3.0,65.0
232,13,0.0,8.0,65.0,15.0,60.0
232,14,0.0,6.5,50.0,3.0,95.0
232,15,0.0,15.0,77.0,13.75,85.0
232,16,1.0,4.0,80.0,20.0,20.0
232,17,1.0,15.0,60.0,8.0,65.0
232,18,1.0,16.0,90.0,18.0,80.0
232,19,0.0,5.25,50.0,2.0,90.0
233,0,0.0,11.0,30.0,5.0,65.0
233,1,1.0,4.0,97.0,16.0,33.0
233,2,1.0,15.0,60.0,8.0,65.0
233,3,0.0,12.0,20.0,6.0,60.0
233,4,1.0,7.0,75.0,15.5,30.0
233,5,0.0,20.0,50.0,17.0,60.0
233,6,1.0,2.0,80.0,9.0,20.0
233,7,0.0,10.25,68.0,9.5,80.0
233,8,1.0,13.0,70.0,8.0,84.0
233,9,1.0,8.5,40.0,2.5,95.0
233,10,0.0,18.5,45.0,9.0,90.0
233,11,1.0,10.0,10.0,3.0,65.0
233,12,1.0,16.0,90.0,18.0,80.0
233,13,0.0,15.0,77.0,13.75,85.0
233,14,0.0,8.0,65.0,15.0,60.0
233,15,0.0,20.0,30.0,12.5,48.0
233,16,1.0,4.0,80.0,20.0,20.0
233,17,0.0,6.5,50.0,3.0,95.0
233,18,1.0,15.0,40.0,17.5,34.0
234,0,1.0,15.0,77.0,13.75,85.0
234,1,1.0,12.0,20.0,6.0,60.0
234,2,1.0,18.5,45.0,9.0,90.0
234,3,1.0,10.25,68.0,9.5,80.0
234,4,1.0,11.0,30.0,5.0,65.0
234,5,0.0,2.0,80.0,9.0,20.0
234,6,0.0,5.25,50.0,2.0,90.0
234,7,0.0,20.0,50.0,17.0,60.0
234,8,1.0,15.0,60.0,8.0,65.0
234,9,1.0,16.0,90.0,18.0,80.0
234,10,0.0,4.0,80.0,20.0,20.0
234,11,1.0,7.0,75.0,15.5,30.0
234,12,0.0,4.0,97.0,16.0,33.0
234,13,1.0,20.0,30.0,12.5,48.0
234,14,0.0,15.0,40.0,17.5,34.0
234,15,1.0,10.0,10.0,3.0,65.0
234,16,0.0,8.0,65.0,15.0,60.0
234,17,0.0,8.5,40.0,2.5,95.0
235,0,0.0,12.0,20.0,6.0,60.0
235,1,0.0,15.0,60.0,8.0,65.0
235,2,0.0,18.5,45.0,9.0,90.0
235,3,1.0,16.0,90.0,18.0,80.0
235,4,0.0,20.0,30.0,12.5,48.0
235,5,0.0,15.0,77.0,13.75,85.0
235,6,1.0,10.0,10.0,3.0,65.0
235,7,0.0,2.0,80.0,9.0,20.0
235,8,1.0,4.0,80.0,20.0,20.0
235,9,0.0,20.0,50.0,17.0,60.0
235,10,0.0,13.0,70.0,8.0,84.0
235,11,0.0,5.25,50.0,2.0,90.0
235,12,0.0,6.5,50.0,3.0,95.0
235,13,1.0,15.0,40.0,17.5,34.0
235,14,0.0,11.0,30.0,5.0,65.0
235,15,0.0,8.0,65.0,15.0,60.0
235,16,1.0,8.5,40.0,2.5,95.0
235,17,1.0,4.0,97.0,16.0,33.0
235,18,1.0,10.25,68.0,9.5,80.0
236,0,0.0,10.25,68.0,9.5,80.0
236,1,1.0,15.0,60.0,8.0,65.0
236,2,0.0,2.0,80.0,9.0,20.0
236,3,1.0,6.5,50.0,3.0,95.0
236,4,1.0,8.5,40.0,2.5,95.0
236,5,1.0,13.0,70.0,8.0,84.0
236,6,1.0,5.25,50.0,2.0,90.0
236,7,0.0,20.0,30.0,12.5,48.0
236,8,0.0,4.0,80.0,20.0,20.0
236,9,0.0,15.0,77.0,13.75,85.0
236,10,0.0,12.0,20.0,6.0,60.0
236,11,1.0,18.5,45.0,9.0,90.0
236,12,0.0,10.0,10.0,3.0,65.0
236,13,1.0,11.0,30.0,5.0,65.0
236,14,1.0,4.0,97.0,16.0,33.0
236,15,1.0,16.0,90.0,18.0,80.0
236,16,1.0,7.0,75.0,15.5,30.0
236,17,0.0,8.0,65.0,15.0,60.0
237,0,0.0,8.0,65.0,15.0,60.0
237,1,1.0,15.0,40.0,17.5,34.0
237,2,0.0,7.0,75.0,15.5,30.0
237,3,1.0,11.0,30.0,5.0,65.0
237,4,0.0,10.25,68.0,9.5,80.0
237,5,0.0,16.0,90.0,18.0,80.0
237,6,0.0,12.0,20.0,6.0,60.0
237,7,1.0,18.5,45.0,9.0,90.0
237,8,1.0,20.0,50.0,17.0,60.0
237,9,0.0,4.0,97.0,16.0,33.0
237,10,1.0,20.0,30.0,12.5,48.0
237,11,0.0,4.0,80.0,20.0,20.0
237,12,1.0,15.0,60.0,8.0,65.0
237,13,1.0,8.5,40.0,2.5,95.0
237,14,0.0,10.0,10.0,3.0,65.0
237,15,1.0,15.0,77.0,13.75,85.0
237,16,1.0,13.0,70.0,8.0,84.0
237,17,1.0,6.5,50.0,3.0,95.0
237,18,1.0,2.0,80.0,9.0,20.0
237,19,1.0,5.25,50.0,2.0,90.0
238,0,0.0,20.0,30.0,12.5,48.0
238,1,0.0,11.0,30.0,5.0,65.0
238,2,0.0,6.5,50.0,3.0,95.0
238,3,1.0,13.0,70.0,8.0,84.0
238,4,0.0,8.0,65.0,15.0,60.0
238,5,0.0,10.0,10.0,3.0,65.0
238,6,1.0,2.0,80.0,9.0,20.0
238,7,1.0,15.0,60.0,8.0,65.0
238,8,1.0,4.0,97.0,16.0,33.0
238,9,1.0,18.5,45.0,9.0,90.0
238,10,1.0,5.25,50.0,2.0,90.0
238,11,0.0,10.25,68.0,9.5,80.0
238,12,1.0,15.0,40.0,17.5,34.0
238,13,0.0,20.0,50.0,17.0,60.0
238,14,1.0,16.0,90.0,18.0,80.0
238,15,0.0,12.0,20.0,6.0,60.0
238,16,0.0,8.5,40.0,2.5,95.0
238,17,0.0,4.0,80.0,20.0,20.0
238,18,0.0,15.0,77.0,13.75,85.0
238,19,1.0,7.0,75.0,15.5,30.0
239,0,1.0,15.0,40.0,17.5,34.0
239,1,0.0,10.25,68.0,9.5,80.0
239,2,1.0,2.0,80.0,9.0,20.0
239,3,1.0,16.0,90.0,18.0,80.0
239,4,0.0,4.0,80.0,20.0,20.0
239,5,0.0,5.25,50.0,2.0,90.0
239,6,0.0,10.0,10.0,3.0,65.0
239,7,1.0,8.5,40.0,2.5,95.0
239,8,1.0,4.0,97.0,16.0,33.0
239,9,0.0,8.0,65.0,15.0,60.0
239,10,1.0,13.0,70.0,8.0,84.0
239,11,0.0,7.0,75.0,15.5,30.0
239,12,0.0,18.5,45.0,9.0,90.0
239,13,0.0,6.5,50.0,3.0,95.0
239,14,1.0,15.0,77.0,13.75,85.0
239,15,1.0,20.0,30.0,12.5,48.0
239,16,0.0,12.0,20.0,6.0,60.0
239,17,0.0,20.0,50.0,17.0,60.0
239,18,0.0,11.0,30.0,5.0,65.0
239,19,1.0,15.0,60.0,8.0,65.0
240,0,0.0,15.0,60.0,8.0,65.0
240,1,0.0,6.5,50.0,3.0,95.0
240,2,1.0,11.0,30.0,5.0,65.0
240,3,0.0,15.0,40.0,17.5,34.0
240,4,1.0,18.5,45.0,9.0,90.0
240,5,0.0,16.0,90.0,18.0,80.0
240,6,0.0,13.0,70.0,8.0,84.0
240,7,0.0,7.0,75.0,15.5,30.0
240,8,1.0,20.0,30.0,12.5,48.0
240,9,0.0,2.0,80.0,9.0,20.0
240,10,1.0,15.0,77.0,13.75,85.0
240,11,1.0,12.0,20.0,6.0,60.0
240,12,0.0,5.25,50.0,2.0,90.0
240,13,0.0,8.0,65.0,15.0,60.0
240,14,0.0,4.0,97.0,16.0,33.0
240,15,0.0,10.0,10.0,3.0,65.0
240,16,0.0,10.25,68.0,9.5,80.0
240,17,0.0,8.5,40.0,2.5,95.0
240,18,0.0,4.0,80.0,20.0,20.0
240,19,1.0,20.0,50.0,17.0,60.0
241,0,1.0,2.0,80.0,9.0,20.0
241,1,0.0,6.5,50.0,3.0,95.0
241,2,0.0,13.0,70.0,8.0,84.0
241,3,0.0,10.25,68.0,9.5,80.0
241,4,1.0,16.0,90.0,18.0,80.0
241,5,1.0,4.0,97.0,16.0,33.0
241,6,0.0,5.25,50.0,2.0,90.0
241,7,0.0,10.0,10.0,3.0,65.0
241,8,0.0,20.0,30.0,12.5,48.0
241,9,0.0,8.5,40.0,2.5,95.0
241,10,0.0,8.0,65.0,15.0,60.0
241,11,1.0,4.0,80.0,20.0,20.0
241,12,0.0,11.0,30.0,5.0,65.0
241,13,0.0,18.5,45.0,9.0,90.0
241,14,1.0,15.0,60.0,8.0,65.0
241,15,0.0,20.0,50.0,17.0,60.0
241,16,0.0,12.0,20.0,6.0,60.0
241,17,1.0,7.0,75.0,15.5,30.0
241,18,1.0,15.0,40.0,17.5,34.0
241,19,0.0,15.0,77.0,13.75,85.0
242,0,1.0,4.0,80.0,20.0,20.0
242,1,0.0,16.0,90.0,18.0,80.0
242,2,0.0,8.5,40.0,2.5,95.0
242,3,0.0,8.0,65.0,15.0,60.0
242,4,1.0,4.0,97.0,16.0,33.0
242,5,1.0,7.0,75.0,15.5,30.0
242,6,1.0,20.0,50.0,17.0,60.0
242,7,0.0,20.0,30.0,12.5,48.0
242,8,0.0,15.0,60.0,8.0,65.0
242,9,0.0,13.0,70.0,8.0,84.0
242,10,0.0,18.5,45.0,9.0,90.0
242,11,0.0,10.25,68.0,9.5,80.0
242,12,0.0,15.0,40.0,17.5,34.0
242,13,0.0,6.5,50.0,3.0,95.0
242,14,0.0,12.0,20.0,6.0,60.0
242,15,0.0,10.0,10.0,3.0,65.0
242,16,1.0,2.0,80.0,9.0,20.0
242,17,0.0,11.0,30.0,5.0,65.0
242,18,0.0,15.0,77.0,13.75,85.0
242,19,0.0,5.25,50.0,2.0,90.0
243,0,0.0,15.0,77.0,13.75,85.0
243,1,0.0,7.0,75.0,15.5,30.0
243,2,1.0,5.25,50.0,2.0,90.0
243,3,1.0,10.25,68.0,9.5,80.0
243,4,1.0,12.0,20.0,6.0,60.0
243,5,1.0,20.0,50.0,17.0,60.0
243,6,0.0,15.0,40.0,17.5,34.0
243,7,0.0,4.0,80.0,20.0,20.0
243,8,1.0,18.5,45.0,9.0,90.0
243,9,1.0,20.0,30.0,12.5,48.0
243,10,1.0,4.0,97.0,16.0,33.0
243,11,1.0,2.0,80.0,9.0,20.0
243,12,1.0,13.0,70.0,8.0,84.0
243,13,1.0,16.0,90.0,18.0,80.0
243,14,1.0,6.5,50.0,3.0,95.0
243,15,0.0,11.0,30.0,5.0,65.0
243,16,1.0,10.0,10.0,3.0,65.0
243,17,1.0,15.0,60.0,8.0,65.0
243,18,0.0,8.0,65.0,15.0,60.0
244,0,1.0,16.0,90.0,18.0,80.0
244,1,0.0,5.25,50.0,2.0,90.0
244,2,0.0,12.0,20.0,6.0,60.0
244,3,0.0,8.0,65.0,15.0,60.0
244,4,0.0,15.0,60.0,8.0,65.0
244,5,1.0,4.0,97.0,16.0,33.0
244,6,1.0,4.0,80.0,20.0,20.0
244,7,0.0,10.25,68.0,9.5,80.0
244,8,0.0,15.0,77.0,13.75,85.0
244,9,1.0,15.0,40.0,17.5,34.0
244,10,1.0,7.0,75.0,15.5,30.0
244,11,1.0,2.0,80.0,9.0,20.0
244,12,0.0,20.0,50.0,17.0,60.0
244,13,1.0,13.0,70.0,8.0,84.0
244,14,0.0,18.5,45.0,9.0,90.0
244,15,0.0,11.0,30.0,5.0,65.0
244,16,0.0,6.5,50.0,3.0,95.0
244,17,0.0,20.0,30.0,12.5,48.0
245,0,0.0,16.0,90.0,18.0,80.0
245,1,1.0,13.0,70.0,8.0,84.0
245,2,0.0,15.0,40.0,17.5,34.0
245,3,1.0,15.0,60.0,8.0,65.0
245,4,0.0,12.0,20.0,6.0,60.0
245,5,1.0,11.0,30.0,5.0,65.0
245,6,0.0,18.5,45.0,9.0,90.0
245,7,1.0,20.0,30.0,12.5,48.0
245,8,1.0,4.0,80.0,20.0,20.0
245,9,1.0,7.0,75.0,15.5,30.0
245,10,1.0,15.0,77.0,13.75,85.0
245,11,1.0,5.25,50.0,2.0,90.0
245,12,1.0,6.5,50.0,3.0,95.0
245,13,0.0,8.0,65.0,15.0,60.0
245,14,0.0,8.5,40.0,2.5,95.0
245,15,0.0,10.0,10.0,3.0,65.0
245,16,1.0,20.0,50.0,17.0,60.0
245,17,1.0,4.0,97.0,16.0,33.0
246,0,0.0,20.0,30.0,12.5,48.0
246,1,1.0,6.5,50.0,3.0,95.0
246,2,1.0,5.25,50.0,2.0,90.0
246,3,0.0,18.5,45.0,9.0,90.0
246,4,1.0,16.0,90.0,18.0,80.0
246,5,0.0,20.0,50.0,17.0,60.0
246,6,0.0,15.0,77.0,13.75,85.0
246,7,0.0,12.0,20.0,6.0,60.0
246,8,1.0,8.5,40.0,2.5,95.0
246,9,0.0,11.0,30.0,5.0,65.0
246,10,0.0,13.0,70.0,8.0,84.0
246,11,1.0,4.0,80.0,20.0,20.0
246,12,1.0,15.0,60.0,8.0,65.0
246,13,1.0,7.0,75.0,15.5,30.0
246,14,1.0,8.0,65.0,15.0,60.0
246,15,0.0,10.25,68.0,9.5,80.0
246,16,1.0,15.0,40.0,17.5,34.0
246,17,1.0,2.0,80.0,9.0,20.0
246,18,0.0,10.0,10.0,3.0,65.0
247,0,0.0,10.25,68.0,9.5,80.0
247,1,1.0,15.0,60.0,8.0,65.0
247,2,1.0,20.0,50.0,17.0,60.0
247,3,0.0,18.5,45.0,9.0,90.0
247,4,0.0,13.0,70.0,8.0,84.0
247,5,0.0,10.0,10.0,3.0,65.0
247,6,0.0,16.0,90.0,18.0,80.0
247,7,1.0,15.0,40.0,17.5,34.0
247,8,0.0,5.25,50.0,2.0,90.0
247,9,0.0,6.5,50.0,3.0,95.0
247,10,0.0,15.0,77.0,13.75,85.0
247,11,0.0,12.0,20.0,6.0,60.0
247,12,1.0,2.0,80.0,9.0,20.0
247,13,1.0,4.0,80.0,20.0,20.0
247,14,0.0,8.0,65.0,15.0,60.0
247,15,1.0,4.0,97.0,16.0,33.0
247,16,0.0,8.5,40.0,2.5,95.0
247,17,1.0,7.0,75.0,15.5,30.0
247,18,0.0,20.0,30.0,12.5,48.0
247,19,0.0,11.0,30.0,5.0,65.0
248,0,1.0,6.5,50.0,3.0,95.0
248,1,0.0,15.0,40.0,17.5,34.0
248,2,1.0,20.0,30.0,12.5,48.0
248,3,0.0,4.0,97.0,16.0,33.0
248,4,1.0,10.25,68.0,9.5,80.0
248,5,0.0,2.0,80.0,9.0,20.0
248,6,0.0,8.0,65.0,15.0,60.0
248,7,0.0,4.0,80.0,20.0,20.0
248,8,1.0,18.5,45.0,9.0,90.0
248,9,0.0,16.0,90.0,18.0,80.0
248,10,1.0,15.0,77.0,13.75,85.0
248,11,1.0,15.0,60.0,8.0,65.0
248,12,1.0,5.25,50.0,2.0,90.0
248,13,1.0,8.5,40.0,2.5,95.0
248,14,1.0,13.0,70.0,8.0,84.0
248,15,0.0,7.0,75.0,15.5,30.0
248,16,0.0,12.0,20.0,6.0,60.0
248,17,1.0,10.0,10.0,3.0,65.0
248,18,1.0,20.0,50.0,17.0,60.0
248,19,1.0,11.0,30.0,5.0,65.0
249,0,1.0,15.0,40.0,17.5,34.0
249,1,0.0,10.25,68.0,9.5,80.0
249,2,1.0,20.0,50.0,17.0,60.0
249,3,0.0,6.5,50.0,3.0,95.0
249,4,0.0,11.0,30.0,5.0,65.0
249,5,1.0,20.0,30.0,12.5,48.0
249,6,1.0,7.0,75.0,15.5,30.0
249,7,1.0,15.0,60.0,8.0,65.0
249,8,0.0,10.0,10.0,3.0,65.0
249,9,0.0,8.5,40.0,2.5,95.0
249,10,0.0,12.0,20.0,6.0,60.0
249,11,1.0,18.5,45.0,9.0,90.0
249,12,0.0,8.0,65.0,15.0,60.0
249,13,1.0,2.0,80.0,9.0,20.0
249,14,1.0,13.0,70.0,8.0,84.0
249,15,0.0,15.0,77.0,13.75,85.0
249,16,1.0,16.0,90.0,18.0,80.0
249,17,1.0,4.0,80.0,20.0,20.0
249,18,0.0,5.25,50.0,2.0,90.0
249,19,1.0,4.0,97.0,16.0,33.0
250,0,0.0,8.0,65.0,15.0,60.0
250,1,0.0,4.0,80.0,20.0,20.0
250,2,0.0,10.25,68.0,9.5,80.0
250,3,1.0,4.0,97.0,16.0,33.0
250,4,1.0,20.0,30.0,12.5,48.0
250,5,1.0,18.5,45.0,9.0,90.0
250,6,0.0,2.0,80.0,9.0,20.0
250,7,0.0,16.0,90.0,18.0,80.0
250,8,0.0,7.0,75.0,15.5,30.0
250,9,0.0,15.0,40.0,17.5,34.0
250,10,1.0,5.25,50.0,2.0,90.0
250,11,1.0,10.0,10.0,3.0,65.0
250,12,0.0,20.0,50.0,17.0,60.0
250,13,1.0,15.0,60.0,8.0,65.0
250,14,0.0,15.0,77.0,13.75,85.0
250,15,1.0,11.0,30.0,5.0,65.0
250,16,0.0,8.5,40.0,2.5,95.0
250,17,1.0,13.0,70.0,8.0,84.0
250,18,1.0,6.5,50.0,3.0,95.0
250,19,0.0,12.0,20.0,6.0,60.0
251,0,1.0,15.0,40.0,17.5,34.0
251,1,0.0,8.0,65.0,15.0,60.0
251,2,0.0,18.5,45.0,9.0,90.0
251,3,0.0,11.0,30.0,5.0,65.0
251,4,0.0,4.0,80.0,20.0,20.0
251,5,1.0,2.0,80.0,9.0,20.0
251,6,0.0,8.5,40.0,2.5,95.0
251,7,1.0,7.0,75.0,15.5,30.0
251,8,0.0,15.0,60.0,8.0,65.0
251,9,0.0,10.0,10.0,3.0,65.0
251,10,1.0,4.0,97.0,16.0,33.0
251,11,0.0,20.0,50.0,17.0,60.0
251,12,0.0,6.5,50.0,3.0,95.0
251,13,0.0,12.0,20.0,6.0,60.0
251,14,1.0,16.0,90.0,18.0,80.0
251,15,1.0,13.0,70.0,8.0,84.0
251,16,0.0,15.0,77.0,13.75,85.0
251,17,0.0,20.0,30.0,12.5,48.0
251,18,1.0,5.25,50.0,2.0,90.0
251,19,0.0,10.25,68.0,9.5,80.0
252,0,0.0,2.0,80.0,9.0,20.0
252,1,1.0,15.0,60.0,8.0,65.0
252,2,0.0,10.25,68.0,9.5,80.0
252,3,0.0,4.0,80.0,20.0,20.0
252,4,1.0,15.0,40.0,17.5,34.0
252,5,1.0,6.5,50.0,3.0,95.0
252,6,1.0,13.0,70.0,8.0,84.0
252,7,0.0,12.0,20.0,6.0,60.0
252,8,1.0,15.0,77.0,13.75,85.0
252,9,1.0,20.0,50.0,17.0,60.0
252,10,1.0,8.5,40.0,2.5,95.0
252,11,1.0,4.0,97.0,16.0,33.0
252,12,0.0,11.0,30.0,5.0,65.0
252,13,0.0,5.25,50.0,2.0,90.0
252,14,1.0,20.0,30.0,12.5,48.0
252,15,1.0,16.0,90.0,18.0,80.0
252,16,1.0,8.0,65.0,15.0,60.0
252,17,1.0,18.5,45.0,9.0,90.0
252,18,1.0,7.0,75.0,15.5,30.0
253,0,0.0,8.0,65.0,15.0,60.0
253,1,0.0,10.25,68.0,9.5,80.0
253,2,1.0,13.0,70.0,8.0,84.0
253,3,1.0,10.0,10.0,3.0,65.0
253,4,0.0,8.5,40.0,2.5,95.0
253,5,0.0,15.0,40.0,17.5,34.0
253,6,0.0,11.0,30.0,5.0,65.0
253,7,1.0,7.0,75.0,15.5,30.0
253,8,0.0,6.5,50.0,3.0,95.0
253,9,1.0,20.0,30.0,12.5,48.0
253,10,1.0,2.0,80.0,9.0,20.0
253,11,1.0,20.0,50.0,17.0,60.0
253,12,0.0,12.0,20.0,6.0,60.0
253,13,1.0,15.0,60.0,8.0,65.0
253,14,0.0,5.25,50.0,2.0,90.0
253,15,0.0,16.0,90.0,18.0,80.0
253,16,1.0,15.0,77.0,13.75,85.0
253,17,1.0,4.0,97.0,16.0,33.0
253,18,0.0,18.5,45.0,9.0,90.0
253,19,0.0,4.0,80.0,20.0,20.0
254,0,0.0,6.5,50.0,3.0,95.0
254,1,1.0,15.0,77.0,13.75,85.0
254,2,1.0,11.0,30.0,5.0,65.0
254,3,1.0,8.0,65.0,15.0,60.0
254,4,0.0,20.0,30.0,12.5,48.0
254,5,1.0,7.0,75.0,15.5,30.0
254,6,1.0,4.0,80.0,20.0,20.0
254,7,1.0,15.0,40.0,17.5,34.0
254,8,0.0,15.0,60.0,8.0,65.0
254,9,0.0,5.25,50.0,2.0,90.0
254,10,0.0,10.25,68.0,9.5,80.0
254,11,0.0,12.0,20.0,6.0,60.0
254,12,0.0,10.0,10.0,3.0,65.0
254,13,0.0,13.0,70.0,8.0,84.0
254,14,1.0,4.0,97.0,16.0,33.0
254,15,0.0,8.5,40.0,2.5,95.0
254,16,0.0,18.5,45.0,9.0,90.0
254,17,1.0,2.0,80.0,9.0,20.0
255,0,0.0,11.0,30.0,5.0,65.0
255,1,1.0,2.0,80.0,9.0,20.0
255,2,0.0,18.5,45.0,9.0,90.0
255,3,0.0,8.0,65.0,15.0,60.0
255,4,1.0,20.0,50.0,17.0,60.0
255,5,0.0,13.0,70.0,8.0,84.0
255,6,0.0,15.0,40.0,17.5,34.0
255,7,0.0,6.5,50.0,3.0,95.0
255,8,0.0,12.0,20.0,6.0,60.0
255,9,1.0,20.0,30.0,12.5,48.0
255,10,0.0,10.25,68.0,9.5,80.0
255,11,0.0,5.25,50.0,2.0,90.0
255,12,0.0,8.5,40.0,2.5,95.0
255,13,0.0,16.0,90.0,18.0,80.0
255,14,1.0,4.0,97.0,16.0,33.0
255,15,1.0,4.0,80.0,20.0,20.0
255,16,0.0,15.0,60.0,8.0,65.0
255,17,1.0,7.0,75.0,15.5,30.0
255,18,1.0,15.0,77.0,13.75,85.0
255,19,0.0,10.0,10.0,3.0,65.0
256,0,0.0,4.0,80.0,20.0,20.0
256,1,0.0,18.5,45.0,9.0,90.0
256,2,0.0,15.0,40.0,17.5,34.0
256,3,0.0,10.0,10.0,3.0,65.0
256,4,1.0,20.0,30.0,12.5,48.0
256,5,0.0,12.0,20.0,6.0,60.0
256,6,0.0,11.0,30.0,5.0,65.0
256,7,1.0,4.0,97.0,16.0,33.0
256,8,0.0,7.0,75.0,15.5,30.0
256,9,0.0,10.25,68.0,9.5,80.0
256,10,0.0,5.25,50.0,2.0,90.0
256,11,0.0,2.0,80.0,9.0,20.0
256,12,0.0,13.0,70.0,8.0,84.0
256,13,0.0,6.5,50.0,3.0,95.0
256,14,0.0,20.0,50.0,17.0,60.0
256,15,0.0,8.5,40.0,2.5,95.0
256,16,1.0,15.0,77.0,13.75,85.0
256,17,1.0,15.0,60.0,8.0,65.0
256,18,1.0,8.0,65.0,15.0,60.0
257,0,0.0,15.0,40.0,17.5,34.0
257,1,1.0,20.0,50.0,17.0,60.0
257,2,0.0,8.5,40.0,2.5,95.0
257,3,1.0,15.0,60.0,8.0,65.0
257,4,0.0,6.5,50.0,3.0,95.0
257,5,1.0,7.0,75.0,15.5,30.0
257,6,0.0,18.5,45.0,9.0,90.0
257,7,0.0,10.0,10.0,3.0,65.0
257,8,0.0,10.25,68.0,9.5,80.0
257,9,1.0,4.0,80.0,20.0,20.0
257,10,0.0,16.0,90.0,18.0,80.0
257,11,1.0,2.0,80.0,9.0,20.0
257,12,1.0,13.0,70.0,8.0,84.0
257,13,0.0,12.0,20.0,6.0,60.0
257,14,1.0,15.0,77.0,13.75,85.0
257,15,0.0,8.0,65.0,15.0,60.0
257,16,0.0,11.0,30.0,5.0,65.0
257,17,1.0,4.0,97.0,16.0,33.0
257,18,0.0,5.25,50.0,2.0,90.0
257,19,1.0,20.0,30.0,12.5,48.0
258,0,0.0,20.0,50.0,17.0,60.0
258,1,1.0,15.0,40.0,17.5,34.0
258,2,1.0,20.0,30.0,12.5,48.0
258,3,0.0,8.5,40.0,2.5,95.0
258,4,0.0,7.0,75.0,15.5,30.0
258,5,1.0,2.0,80.0,9.0,20.0
258,6,0.0,5.25,50.0,2.0,90.0
258,7,0.0,6.5,50.0,3.0,95.0
258,8,0.0,8.0,65.0,15.0,60.0
258,9,0.0,15.0,77.0,13.75,85.0
258,10,1.0,4.0,80.0,20.0,20.0
258,11,0.0,10.0,10.0,3.0,65.0
258,12,1.0,13.0,70.0,8.0,84.0
258,13,0.0,12.0,20.0,6.0,60.0
258,14,0.0,16.0,90.0,18.0,80.0
258,15,0.0,11.0,30.0,5.0,65.0
259,0,0.0,8.0,65.0,15.0,60.0
259,1,1.0,16.0,90.0,18.0,80.0
259,2,0.0,6.5,50.0,3.0,95.0
259,3,1.0,4.0,97.0,16.0,33.0
259,4,1.0,5.25,50.0,2.0,90.0
259,5,0.0,10.0,10.0,3.0,65.0
259,6,1.0,4.0,80.0,20.0,20.0
259,7,0.0,10.25,68.0,9.5,80.0
259,8,0.0,8.5,40.0,2.5,95.0
259,9,0.0,2.0,80.0,9.0,20.0
259,10,0.0,13.0,70.0,8.0,84.0
260,0,0.0,6.5,50.0,3.0,95.0
260,1,0.0,15.0,77.0,13.75,85.0
260,2,1.0,4.0,80.0,20.0,20.0
260,3,0.0,12.0,20.0,6.0,60.0
260,4,1.0,2.0,80.0,9.0,20.0
260,5,1.0,16.0,90.0,18.0,80.0
260,6,1.0,4.0,97.0,16.0,33.0
260,7,0.0,11.0,30.0,5.0,65.0
260,8,0.0,5.25,50.0,2.0,90.0
260,9,0.0,15.0,40.0,17.5,34.0
260,10,0.0,13.0,70.0,8.0,84.0
260,11,0.0,20.0,50.0,17.0,60.0
260,12,0.0,10.25,68.0,9.5,80.0
260,13,0.0,20.0,30.0,12.5,48.0
260,14,0.0,8.5,40.0,2.5,95.0
261,0,0.0,11.0,30.0,5.0,65.0
261,1,0.0,15.0,40.0,17.5,34.0
261,2,1.0,2.0,80.0,9.0,20.0
261,3,0.0,20.0,30.0,12.5,48.0
261,4,0.0,20.0,50.0,17.0,60.0
261,5,0.0,8.0,65.0,15.0,60.0
261,6,1.0,4.0,80.0,20.0,20.0
261,7,1.0,15.0,77.0,13.75,85.0
261,8,1.0,15.0,60.0,8.0,65.0
261,9,0.0,16.0,90.0,18.0,80.0
261,10,0.0,10.0,10.0,3.0,65.0
261,11,0.0,5.25,50.0,2.0,90.0
261,12,0.0,10.25,68.0,9.5,80.0
261,13,1.0,7.0,75.0,15.5,30.0
261,14,0.0,13.0,70.0,8.0,84.0
262,0,0.0,2.0,80.0,9.0,20.0
262,1,0.0,10.25,68.0,9.5,80.0
262,2,1.0,13.0,70.0,8.0,84.0
262,3,1.0,7.0,75.0,15.5,30.0
262,4,1.0,4.0,97.0,16.0,33.0
262,5,0.0,12.0,20.0,6.0,60.0
262,6,0.0,5.25,50.0,2.0,90.0
262,7,1.0,15.0,40.0,17.5,34.0
262,8,1.0,11.0,30.0,5.0,65.0
262,9,0.0,10.0,10.0,3.0,65.0
262,10,1.0,4.0,80.0,20.0,20.0
263,0,1.0,8.5,40.0,2.5,95.0
263,1,1.0,2.0,80.0,9.0,20.0
263,2,1.0,12.0,20.0,6.0,60.0
263,3,1.0,15.0,40.0,17.5,34.0
263,4,0.0,6.5,50.0,3.0,95.0
263,5,1.0,15.0,60.0,8.0,65.0
263,6,0.0,20.0,50.0,17.0,60.0
263,7,0.0,10.0,10.0,3.0,65.0
263,8,1.0,4.0,97.0,16.0,33.0
263,9,0.0,5.25,50.0,2.0,90.0
263,10,0.0,18.5,45.0,9.0,90.0
263,11,1.0,20.0,30.0,12.5,48.0
263,12,0.0,13.0,70.0,8.0,84.0
263,13,0.0,10.25,68.0,9.5,80.0
263,14,0.0,8.0,65.0,15.0,60.0
264,0,0.0,20.0,50.0,17.0,60.0
264,1,0.0,10.25,68.0,9.5,80.0
264,2,1.0,15.0,60.0,8.0,65.0
264,3,1.0,4.0,80.0,20.0,20.0
264,4,1.0,15.0,77.0,13.75,85.0
264,5,1.0,16.0,90.0,18.0,80.0
264,6,0.0,10.0,10.0,3.0,65.0
264,7,0.0,20.0,30.0,12.5,48.0
264,8,1.0,7.0,75.0,15.5,30.0
264,9,0.0,11.0,30.0,5.0,65.0
264,10,0.0,12.0,20.0,6.0,60.0
264,11,1.0,2.0,80.0,9.0,20.0
264,12,1.0,15.0,40.0,17.5,34.0
264,13,1.0,5.25,50.0,2.0,90.0
264,14,1.0,4.0,97.0,16.0,33.0
265,0,1.0,7.0,75.0,15.5,30.0
265,1,0.0,10.0,10.0,3.0,65.0
265,2,0.0,15.0,77.0,13.75,85.0
265,3,1.0,5.25,50.0,2.0,90.0
265,4,0.0,11.0,30.0,5.0,65.0
265,5,0.0,12.0,20.0,6.0,60.0
265,6,0.0,10.25,68.0,9.5,80.0
265,7,1.0,18.5,45.0,9.0,90.0
265,8,0.0,16.0,90.0,18.0,80.0
265,9,1.0,15.0,40.0,17.5,34.0
265,10,0.0,8.5,40.0,2.5,95.0
265,11,0.0,6.5,50.0,3.0,95.0
265,12,1.0,4.0,97.0,16.0,33.0
265,13,1.0,2.0,80.0,9.0,20.0
265,14,1.0,15.0,60.0,8.0,65.0
266,0,1.0,16.0,90.0,18.0,80.0
266,1,0.0,20.0,50.0,17.0,60.0
266,2,1.0,15.0,40.0,17.5,34.0
266,3,0.0,2.0,80.0,9.0,20.0
266,4,0.0,15.0,77.0,13.75,85.0
266,5,0.0,6.5,50.0,3.0,95.0
266,6,1.0,7.0,75.0,15.5,30.0
266,7,1.0,18.5,45.0,9.0,90.0
266,8,1.0,20.0,30.0,12.5,48.0
266,9,0.0,12.0,20.0,6.0,60.0
266,10,0.0,4.0,80.0,20.0,20.0
266,11,1.0,15.0,60.0,8.0,65.0
267,0,0.0,4.0,97.0,16.0,33.0
267,1,1.0,12.0,20.0,6.0,60.0
267,2,1.0,5.25,50.0,2.0,90.0
267,3,0.0,8.0,65.0,15.0,60.0
267,4,1.0,10.0,10.0,3.0,65.0
267,5,0.0,7.0,75.0,15.5,30.0
267,6,1.0,20.0,30.0,12.5,48.0
267,7,1.0,18.5,45.0,9.0,90.0
267,8,0.0,15.0,77.0,13.75,85.0
267,9,1.0,15.0,40.0,17.5,34.0
267,10,1.0,15.0,60.0,8.0,65.0
267,11,1.0,16.0,90.0,18.0,80.0
267,12,1.0,11.0,30.0,5.0,65.0
268,0,1.0,16.0,90.0,18.0,80.0
268,1,0.0,15.0,40.0,17.5,34.0
268,2,1.0,12.0,20.0,6.0,60.0
268,3,1.0,10.0,10.0,3.0,65.0
268,4,0.0,5.25,50.0,2.0,90.0
268,5,0.0,6.5,50.0,3.0,95.0
268,6,1.0,2.0,80.0,9.0,20.0
268,7,1.0,4.0,97.0,16.0,33.0
268,8,1.0,15.0,77.0,13.75,85.0
268,9,0.0,10.25,68.0,9.5,80.0
268,10,1.0,7.0,75.0,15.5,30.0
268,11,1.0,20.0,50.0,17.0,60.0
268,12,0.0,8.0,65.0,15.0,60.0
268,13,0.0,8.5,40.0,2.5,95.0
269,0,0.0,12.0,20.0,6.0,60.0
269,1,1.0,11.0,30.0,5.0,65.0
269,2,1.0,8.5,40.0,2.5,95.0
269,3,1.0,15.0,60.0,8.0,65.0
269,4,1.0,15.0,77.0,13.75,85.0
269,5,1.0,20.0,50.0,17.0,60.0
269,6,1.0,7.0,75.0,15.5,30.0
269,7,1.0,20.0,30.0,12.5,48.0
269,8,0.0,13.0,70.0,8.0,84.0
269,9,1.0,2.0,80.0,9.0,20.0
269,10,0.0,6.5,50.0,3.0,95.0
269,11,1.0,5.25,50.0,2.0,90.0
269,12,1.0,15.0,40.0,17.5,34.0
269,13,0.0,18.5,45.0,9.0,90.0
269,14,0.0,8.0,65.0,15.0,60.0
270,0,0.0,10.0,10.0,3.0,65.0
270,1,1.0,15.0,40.0,17.5,34.0
270,2,0.0,12.0,20.0,6.0,60.0
270,3,1.0,2.0,80.0,9.0,20.0
270,4,1.0,20.0,50.0,17.0,60.0
270,5,0.0,16.0,90.0,18.0,80.0
270,6,1.0,4.0,97.0,16.0,33.0
270,7,0.0,4.0,80.0,20.0,20.0
270,8,0.0,20.0,30.0,12.5,48.0
270,9,0.0,18.5,45.0,9.0,90.0
270,10,0.0,6.5,50.0,3.0,95.0
270,11,0.0,11.0,30.0,5.0,65.0
270,12,0.0,5.25,50.0,2.0,90.0
270,13,0.0,10.25,68.0,9.5,80.0
271,0,1.0,10.25,68.0,9.5,80.0
271,1,0.0,15.0,40.0,17.5,34.0
271,2,0.0,4.0,80.0,20.0,20.0
271,3,1.0,8.5,40.0,2.5,95.0
271,4,0.0,4.0,97.0,16.0,33.0
271,5,0.0,15.0,77.0,13.75,85.0
271,6,0.0,5.25,50.0,2.0,90.0
271,7,1.0,11.0,30.0,5.0,65.0
271,8,1.0,20.0,30.0,12.5,48.0
271,9,0.0,18.5,45.0,9.0,90.0
271,10,0.0,7.0,75.0,15.5,30.0
271,11,0.0,8.0,65.0,15.0,60.0
271,12,1.0,10.0,10.0,3.0,65.0
271,13,0.0,12.0,20.0,6.0,60.0
271,14,0.0,2.0,80.0,9.0,20.0
272,0,0.0,15.0,77.0,13.75,85.0
272,1,0.0,13.0,70.0,8.0,84.0
272,2,1.0,2.0,80.0,9.0,20.0
272,3,1.0,4.0,97.0,16.0,33.0
272,4,0.0,18.5,45.0,9.0,90.0
272,5,0.0,8.5,40.0,2.5,95.0
272,6,1.0,7.0,75.0,15.5,30.0
272,7,1.0,20.0,30.0,12.5,48.0
272,8,1.0,20.0,50.0,17.0,60.0
272,9,0.0,12.0,20.0,6.0,60.0
272,10,1.0,15.0,60.0,8.0,65.0
272,11,0.0,4.0,80.0,20.0,20.0
272,12,0.0,11.0,30.0,5.0,65.0
272,13,0.0,10.0,10.0,3.0,65.0
273,0,1.0,15.0,60.0,8.0,65.0
273,1,1.0,2.0,80.0,9.0,20.0
273,2,0.0,8.0,65.0,15.0,60.0
273,3,1.0,4.0,80.0,20.0,20.0
273,4,0.0,18.5,45.0,9.0,90.0
273,5,0.0,8.5,40.0,2.5,95.0
273,6,0.0,5.25,50.0,2.0,90.0
273,7,0.0,11.0,30.0,5.0,65.0
273,8,1.0,15.0,77.0,13.75,85.0
273,9,1.0,12.0,20.0,6.0,60.0
273,10,0.0,6.5,50.0,3.0,95.0
273,11,0.0,13.0,70.0,8.0,84.0
273,12,1.0,15.0,40.0,17.5,34.0
273,13,1.0,20.0,30.0,12.5,48.0
273,14,1.0,10.0,10.0,3.0,65.0
274,0,0.0,4.0,80.0,20.0,20.0
274,1,0.0,7.0,75.0,15.5,30.0
274,2,1.0,10.0,10.0,3.0,65.0
274,3,1.0,10.25,68.0,9.5,80.0
274,4,1.0,18.5,45.0,9.0,90.0
274,5,1.0,13.0,70.0,8.0,84.0
274,6,1.0,20.0,50.0,17.0,60.0
274,7,0.0,8.0,65.0,15.0,60.0
274,8,1.0,8.5,40.0,2.5,95.0
274,9,1.0,20.0,30.0,12.5,48.0
274,10,1.0,15.0,77.0,13.75,85.0
274,11,1.0,6.5,50.0,3.0,95.0
274,12,0.0,15.0,40.0,17.5,34.0
274,13,1.0,11.0,30.0,5.0,65.0
274,14,0.0,4.0,97.0,16.0,33.0
275,0,0.0,10.25,68.0,9.5,80.0
275,1,1.0,8.5,40.0,2.5,95.0
275,2,1.0,15.0,40.0,17.5,34.0
275,3,1.0,11.0,30.0,5.0,65.0
275,4,0.0,7.0,75.0,15.5,30.0
275,5,1.0,5.25,50.0,2.0,90.0
275,6,1.0,10.0,10.0,3.0,65.0
275,7,0.0,16.0,90.0,18.0,80.0
275,8,0.0,8.0,65.0,15.0,60.0
275,9,1.0,13.0,70.0,8.0,84.0
275,10,1.0,12.0,20.0,6.0,60.0
275,11,1.0,15.0,77.0,13.75,85.0
275,12,0.0,4.0,97.0,16.0,33.0
275,13,0.0,4.0,80.0,20.0,20.0
276,0,0.0,15.0,77.0,13.75,85.0
276,1,1.0,4.0,80.0,20.0,20.0
276,2,0.0,8.0,65.0,15.0,60.0
276,3,1.0,15.0,40.0,17.5,34.0
276,4,0.0,10.25,68.0,9.5,80.0
276,5,1.0,16.0,90.0,18.0,80.0
276,6,0.0,12.0,20.0,6.0,60.0
276,7,0.0,5.25,50.0,2.0,90.0
276,8,1.0,13.0,70.0,8.0,84.0
276,9,1.0,4.0,97.0,16.0,33.0
276,10,1.0,20.0,30.0,12.5,48.0
276,11,0.0,6.5,50.0,3.0,95.0
276,12,1.0,10.0,10.0,3.0,65.0
276,13,1.0,15.0,60.0,8.0,65.0
276,14,1.0,2.0,80.0,9.0,20.0
277,0,0.0,4.0,80.0,20.0,20.0
277,1,0.0,7.0,75.0,15.5,30.0
277,2,1.0,8.5,40.0,2.5,95.0
277,3,1.0,20.0,30.0,12.5,48.0
277,4,0.0,10.25,68.0,9.5,80.0
277,5,1.0,15.0,60.0,8.0,65.0
277,6,0.0,12.0,20.0,6.0,60.0
277,7,0.0,2.0,80.0,9.0,20.0
277,8,1.0,18.5,45.0,9.0,90.0
277,9,1.0,13.0,70.0,8.0,84.0
277,10,0.0,4.0,97.0,16.0,33.0
277,11,1.0,16.0,90.0,18.0,80.0
277,12,0.0,8.0,65.0,15.0,60.0
277,13,0.0,15.0,40.0,17.5,34.0
277,14,1.0,11.0,30.0,5.0,65.0
278,0,0.0,4.0,97.0,16.0,33.0
278,1,1.0,20.0,30.0,12.5,48.0
278,2,0.0,10.0,10.0,3.0,65.0
278,3,1.0,15.0,40.0,17.5,34.0
278,4,0.0,15.0,77.0,13.75,85.0
278,5,1.0,11.0,30.0,5.0,65.0
278,6,1.0,15.0,60.0,8.0,65.0
278,7,1.0,16.0,90.0,18.0,80.0
278,8,0.0,2.0,80.0,9.0,20.0
278,9,0.0,5.25,50.0,2.0,90.0
278,10,0.0,12.0,20.0,6.0,60.0
278,11,0.0,8.0,65.0,15.0,60.0
278,12,0.0,13.0,70.0,8.0,84.0
278,13,0.0,18.5,45.0,9.0,90.0
278,14,1.0,8.5,40.0,2.5,95.0
279,0,1.0,4.0,97.0,16.0,33.0
279,1,1.0,15.0,60.0,8.0,65.0
279,2,0.0,8.0,65.0,15.0,60.0
279,3,1.0,8.5,40.0,2.5,95.0
279,4,1.0,7.0,75.0,15.5,30.0
279,5,1.0,20.0,50.0,17.0,60.0
279,6,0.0,10.25,68.0,9.5,80.0
279,7,1.0,15.0,40.0,17.5,34.0
279,8,0.0,15.0,77.0,13.75,85.0
279,9,0.0,5.25,50.0,2.0,90.0
279,10,0.0,6.5,50.0,3.0,95.0
279,11,1.0,18.5,45.0,9.0,90.0
279,12,0.0,4.0,80.0,20.0,20.0
279,13,0.0,11.0,30.0,5.0,65.0
279,14,0.0,10.0,10.0,3.0,65.0
280,0,0.0,8.0,65.0,15.0,60.0
280,1,1.0,7.0,75.0,15.5,30.0
280,2,1.0,8.5,40.0,2.5,95.0
280,3,0.0,4.0,80.0,20.0,20.0
280,4,0.0,15.0,40.0,17.5,34.0
280,5,0.0,10.25,68.0,9.5,80.0
280,6,1.0,4.0,97.0,16.0,33.0
280,7,1.0,15.0,60.0,8.0,65.0
280,8,1.0,5.25,50.0,2.0,90.0
280,9,0.0,12.0,20.0,6.0,60.0
280,10,0.0,2.0,80.0,9.0,20.0
280,11,1.0,6.5,50.0,3.0,95.0
280,12,1.0,18.5,45.0,9.0,90.0
280,13,1.0,11.0,30.0,5.0,65.0
280,14,1.0,20.0,50.0,17.0,60.0
281,0,1.0,4.0,80.0,20.0,20.0
281,1,1.0,15.0,40.0,17.5,34.0
281,2,1.0,16.0,90.0,18.0,80.0
281,3,1.0,12.0,20.0,6.0,60.0
281,4,1.0,7.0,75.0,15.5,30.0
281,5,1.0,20.0,30.0,12.5,48.0
281,6,0.0,15.0,77.0,13.75,85.0
281,7,1.0,8.5,40.0,2.5,95.0
281,8,1.0,4.0,97.0,16.0,33.0
281,9,0.0,6.5,50.0,3.0,95.0
281,10,1.0,5.25,50.0,2.0,90.0
281,11,0.0,18.5,45.0,9.0,90.0
281,12,1.0,13.0,70.0,8.0,84.0
281,13,1.0,10.0,10.0,3.0,65.0
282,0,1.0,20.0,30.0,12.5,48.0
282,1,1.0,10.0,10.0,3.0,65.0
282,2,1.0,15.0,40.0,17.5,34.0
282,3,1.0,7.0,75.0,15.5,30.0
282,4,0.0,11.0,30.0,5.0,65.0
282,5,0.0,20.0,50.0,17.0,60.0
282,6,0.0,15.0,77.0,13.75,85.0
282,7,0.0,10.25,68.0,9.5,80.0
282,8,1.0,4.0,97.0,16.0,33.0
282,9,0.0,4.0,80.0,20.0,20.0
282,10,0.0,8.0,65.0,15.0,60.0
282,11,1.0,15.0,60.0,8.0,65.0
282,12,1.0,16.0,90.0,18.0,80.0
282,13,0.0,12.0,20.0,6.0,60.0
282,14,1.0,2.0,80.0,9.0,20.0
283,0,0.0,15.0,60.0,8.0,65.0
283,1,1.0,4.0,80.0,20.0,20.0
283,2,1.0,8.5,40.0,2.5,95.0
283,3,0.0,15.0,77.0,13.75,85.0
283,4,1.0,15.0,40.0,17.5,34.0
283,5,0.0,12.0,20.0,6.0,60.0
283,6,1.0,6.5,50.0,3.0,95.0
283,7,1.0,13.0,70.0,8.0,84.0
283,8,0.0,20.0,50.0,17.0,60.0
283,9,1.0,16.0,90.0,18.0,80.0
284,0,1.0,15.0,60.0,8.0,65.0
284,1,0.0,6.5,50.0,3.0,95.0
284,2,0.0,5.25,50.0,2.0,90.0
284,3,1.0,20.0,50.0,17.0,60.0
284,4,0.0,18.5,45.0,9.0,90.0
284,5,1.0,2.0,80.0,9.0,20.0
284,6,0.0,8.5,40.0,2.5,95.0
284,7,0.0,15.0,40.0,17.5,34.0
284,8,1.0,4.0,97.0,16.0,33.0
284,9,0.0,10.0,10.0,3.0,65.0
284,10,0.0,15.0,77.0,13.75,85.0
284,11,0.0,11.0,30.0,5.0,65.0
284,12,0.0,10.25,68.0,9.5,80.0
284,13,0.0,12.0,20.0,6.0,60.0
284,14,1.0,7.0,75.0,15.5,30.0
285,0,0.0,8.0,65.0,15.0,60.0
285,1,1.0,4.0,80.0,20.0,20.0
285,2,1.0,6.5,50.0,3.0,95.0
285,3,1.0,16.0,90.0,18.0,80.0
285,4,1.0,5.25,50.0,2.0,90.0
285,5,1.0,8.5,40.0,2.5,95.0
285,6,1.0,4.0,97.0,16.0,33.0
285,7,1.0,12.0,20.0,6.0,60.0
285,8,0.0,10.0,10.0,3.0,65.0
285,9,1.0,11.0,30.0,5.0,65.0
285,10,1.0,20.0,30.0,12.5,48.0
286,0,1.0,4.0,80.0,20.0,20.0
286,1,0.0,8.5,40.0,2.5,95.0
286,2,1.0,7.0,75.0,15.5,30.0
286,3,0.0,11.0,30.0,5.0,65.0
286,4,1.0,20.0,30.0,12.5,48.0
286,5,1.0,15.0,40.0,17.5,34.0
286,6,0.0,5.25,50.0,2.0,90.0
286,7,0.0,6.5,50.0,3.0,95.0
286,8,0.0,10.0,10.0,3.0,65.0
286,9,1.0,15.0,77.0,13.75,85.0
286,10,1.0,15.0,60.0,8.0,65.0
286,11,1.0,12.0,20.0,6.0,60.0
286,12,0.0,18.5,45.0,9.0,90.0
286,13,1.0,4.0,97.0,16.0,33.0
286,14,0.0,13.0,70.0,8.0,84.0
287,0,1.0,4.0,80.0,20.0,20.0
287,1,0.0,5.25,50.0,2.0,90.0
287,2,0.0,6.5,50.0,3.0,95.0
287,3,1.0,2.0,80.0,9.0,20.0
287,4,0.0,11.0,30.0,5.0,65.0
287,5,0.0,20.0,50.0,17.0,60.0
287,6,0.0,10.0,10.0,3.0,65.0
287,7,1.0,13.0,70.0,8.0,84.0
287,8,1.0,15.0,60.0,8.0,65.0
287,9,0.0,20.0,30.0,12.5,48.0
288,0,1.0,4.0,80.0,20.0,20.0
288,1,1.0,15.0,40.0,17.5,34.0
288,2,0.0,20.0,30.0,12.5,48.0
288,3,0.0,6.5,50.0,3.0,95.0
288,4,0.0,18.5,45.0,9.0,90.0
288,5,1.0,15.0,60.0,8.0,65.0
288,6,1.0,16.0,90.0,18.0,80.0
288,7,0.0,20.0,50.0,17.0,60.0
288,8,1.0,2.0,80.0,9.0,20.0
288,9,0.0,10.0,10.0,3.0,65.0
288,10,0.0,15.0,77.0,13.75,85.0
288,11,0.0,11.0,30.0,5.0,65.0
288,12,0.0,8.5,40.0,2.5,95.0
288,13,0.0,13.0,70.0,8.0,84.0
288,14,0.0,5.25,50.0,2.0,90.0
289,0,1.0,2.0,80.0,9.0,20.0
289,1,0.0,18.5,45.0,9.0,90.0
289,2,0.0,10.0,10.0,3.0,65.0
289,3,1.0,7.0,75.0,15.5,30.0
289,4,0.0,20.0,30.0,12.5,48.0
289,5,0.0,4.0,80.0,20.0,20.0
289,6,0.0,8.5,40.0,2.5,95.0
289,7,1.0,5.25,50.0,2.0,90.0
289,8,1.0,16.0,90.0,18.0,80.0
289,9,0.0,10.25,68.0,9.5,80.0
289,10,0.0,6.5,50.0,3.0,95.0
289,11,1.0,15.0,40.0,17.5,34.0
289,12,1.0,8.0,65.0,15.0,60.0
290,0,1.0,20.0,50.0,17.0,60.0
290,1,1.0,16.0,90.0,18.0,80.0
290,2,1.0,15.0,40.0,17.5,34.0
290,3,0.0,10.25,68.0,9.5,80.0
290,4,1.0,2.0,80.0,9.0,20.0
290,5,0.0,15.0,77.0,13.75,85.0
290,6,0.0,10.0,10.0,3.0,65.0
290,7,1.0,4.0,97.0,16.0,33.0
290,8,0.0,8.5,40.0,2.5,95.0
290,9,1.0,7.0,75.0,15.5,30.0
290,10,0.0,12.0,20.0,6.0,60.0
290,11,0.0,6.5,50.0,3.0,95.0
290,12,1.0,4.0,80.0,20.0,20.0
290,13,1.0,20.0,30.0,12.5,48.0
